{"version": "0.1", "name": "electrolysis_technical_report_12_degree", "title": "\u0422\u0435\u0445\u043d\u043e\u043b\u043e\u0433\u0438\u0447\u0435\u0441\u043a\u0438\u0435 \u0436\u0443\u0440\u043d\u0430\u043b\u044b \u044d\u043b\u0435\u043a\u0442\u0440\u043e\u043b\u0438\u0437\u0430 1-\u0439 \u0438 2-\u0439 \u0441\u0435\u0440\u0438\u0438", "tables": [{"name": "left", "title": "\u0412\u0440\u0435\u043c\u044f \u0437\u0430\u043c\u0435\u0440\u043e\u0432 \u0438 \u0440\u0430\u0431\u043e\u0442\u0430 \u043e\u0431\u043e\u0440\u0443\u0434\u043e\u0432\u0430\u043d\u0438\u044f", "fields": [{"name": "row_names"}, {"name": "times"}, {"name": "last_headers"}, {"name": "zn20:00", "type": "number", "units": "\u0433/\u043b"}, {"name": "zn21:00", "type": "number", "units": "\u0433/\u043b"}, {"name": "zn22:00", "type": "number", "units": "\u0433/\u043b"}, {"name": "zn23:00", "type": "number", "units": "\u0433/\u043b"}, {"name": "zn00:00", "type": "number", "units": "\u0433/\u043b"}, {"name": "zn01:00", "type": "number", "units": "\u0433/\u043b"}, {"name": "zn02:00", "type": "number", "units": "\u0433/\u043b"}, {"name": "zn03:00", "type": "number", "units": "\u0433/\u043b"}, {"name": "zn04:00", "type": "number", "units": "\u0433/\u043b"}, {"name": "zn05:00", "type": "number", "units": "\u0433/\u043b"}, {"name": "zn06:00", "type": "number", "units": "\u0433/\u043b"}, {"name": "zn07:00", "type": "number", "units": "\u0433/\u043b"}, {"name": "zninconsistencies", "type": "text"}, {"name": "znmeasures", "type": "text"}, {"name": "zn_mix20:00", "type": "number", "units": "\u0433/\u043b"}, {"name": "zn_mix21:00", "type": "number", "units": "\u0433/\u043b"}, {"name": "zn_mix22:00", "type": "number", "units": "\u0433/\u043b"}, {"name": "zn_mix23:00", "type": "number", "units": "\u0433/\u043b"}, {"name": "zn_mix00:00", "type": "number", "units": "\u0433/\u043b"}, {"name": "zn_mix01:00", "type": "number", "units": "\u0433/\u043b"}, {"name": "zn_mix02:00", "type": "number", "units": "\u0433/\u043b"}, {"name": "zn_mix03:00", "type": "number", "units": "\u0433/\u043b"}, {"name": "zn_mix04:00", "type": "number", "units": "\u0433/\u043b"}, {"name": "zn_mix05:00", "type": "number", "units": "\u0433/\u043b"}, {"name": "zn_mix06:00", "type": "number", "units": "\u0433/\u043b"}, {"name": "zn_mix07:00", "type": "number", "units": "\u0433/\u043b"}, {"name": "zn_mixinconsistencies", "type": "text"}, {"name": "zn_mixmeasures", "type": "text"}, {"name": "h2so420:00", "type": "number", "units": "\u0433/\u043b"}, {"name": "h2so421:00", "type": "number", "units": "\u0433/\u043b"}, {"name": "h2so422:00", "type": "number", "units": "\u0433/\u043b"}, {"name": "h2so423:00", "type": "number", "units": "\u0433/\u043b"}, {"name": "h2so400:00", "type": "number", "units": "\u0433/\u043b"}, {"name": "h2so401:00", "type": "number", "units": "\u0433/\u043b"}, {"name": "h2so402:00", "type": "number", "units": "\u0433/\u043b"}, {"name": "h2so403:00", "type": "number", "units": "\u0433/\u043b"}, {"name": "h2so404:00", "type": "number", "units": "\u0433/\u043b"}, {"name": "h2so405:00", "type": "number", "units": "\u0433/\u043b"}, {"name": "h2so406:00", "type": "number", "units": "\u0433/\u043b"}, {"name": "h2so407:00", "type": "number", "units": "\u0433/\u043b"}, {"name": "h2so4inconsistencies", "type": "text"}, {"name": "h2so4measures", "type": "text"}, {"name": "solute120:00", "type": "number", "units": "\u1d52C"}, {"name": "solute121:00", "type": "number", "units": "\u1d52C"}, {"name": "solute122:00", "type": "number", "units": "\u1d52C"}, {"name": "solute123:00", "type": "number", "units": "\u1d52C"}, {"name": "solute100:00", "type": "number", "units": "\u1d52C"}, {"name": "solute101:00", "type": "number", "units": "\u1d52C"}, {"name": "solute102:00", "type": "number", "units": "\u1d52C"}, {"name": "solute103:00", "type": "number", "units": "\u1d52C"}, {"name": "solute104:00", "type": "number", "units": "\u1d52C"}, {"name": "solute105:00", "type": "number", "units": "\u1d52C"}, {"name": "solute106:00", "type": "number", "units": "\u1d52C"}, {"name": "solute107:00", "type": "number", "units": "\u1d52C"}, {"name": "solute1inconsistencies", "type": "text"}, {"name": "solute1measures", "type": "text"}, {"name": "solute220:00", "type": "number", "units": "\u1d52C"}, {"name": "solute221:00", "type": "number", "units": "\u1d52C"}, {"name": "solute222:00", "type": "number", "units": "\u1d52C"}, {"name": "solute223:00", "type": "number", "units": "\u1d52C"}, {"name": "solute200:00", "type": "number", "units": "\u1d52C"}, {"name": "solute201:00", "type": "number", "units": "\u1d52C"}, {"name": "solute202:00", "type": "number", "units": "\u1d52C"}, {"name": "solute203:00", "type": "number", "units": "\u1d52C"}, {"name": "solute204:00", "type": "number", "units": "\u1d52C"}, {"name": "solute205:00", "type": "number", "units": "\u1d52C"}, {"name": "solute206:00", "type": "number", "units": "\u1d52C"}, {"name": "solute207:00", "type": "number", "units": "\u1d52C"}, {"name": "solute2inconsistencies", "type": "text"}, {"name": "solute2measures", "type": "text"}, {"name": "mixture_temp20:00", "type": "number", "units": "\u1d52C"}, {"name": "mixture_temp21:00", "type": "number", "units": "\u1d52C"}, {"name": "mixture_temp22:00", "type": "number", "units": "\u1d52C"}, {"name": "mixture_temp23:00", "type": "number", "units": "\u1d52C"}, {"name": "mixture_temp00:00", "type": "number", "units": "\u1d52C"}, {"name": "mixture_temp01:00", "type": "number", "units": "\u1d52C"}, {"name": "mixture_temp02:00", "type": "number", "units": "\u1d52C"}, {"name": "mixture_temp03:00", "type": "number", "units": "\u1d52C"}, {"name": "mixture_temp04:00", "type": "number", "units": "\u1d52C"}, {"name": "mixture_temp05:00", "type": "number", "units": "\u1d52C"}, {"name": "mixture_temp06:00", "type": "number", "units": "\u1d52C"}, {"name": "mixture_temp07:00", "type": "number", "units": "\u1d52C"}, {"name": "mixture_tempinconsistencies", "type": "text"}, {"name": "mixture_tempmeasures", "type": "text"}, {"name": "bath_temp20:00", "type": "number", "units": "\u043a\u0410"}, {"name": "bath_temp21:00", "type": "number", "units": "\u043a\u0410"}, {"name": "bath_temp22:00", "type": "number", "units": "\u043a\u0410"}, {"name": "bath_temp23:00", "type": "number", "units": "\u043a\u0410"}, {"name": "bath_temp00:00", "type": "number", "units": "\u043a\u0410"}, {"name": "bath_temp01:00", "type": "number", "units": "\u043a\u0410"}, {"name": "bath_temp02:00", "type": "number", "units": "\u043a\u0410"}, {"name": "bath_temp03:00", "type": "number", "units": "\u043a\u0410"}, {"name": "bath_temp04:00", "type": "number", "units": "\u043a\u0410"}, {"name": "bath_temp05:00", "type": "number", "units": "\u043a\u0410"}, {"name": "bath_temp06:00", "type": "number", "units": "\u043a\u0410"}, {"name": "bath_temp07:00", "type": "number", "units": "\u043a\u0410"}, {"name": "bath_tempinconsistencies", "type": "text"}, {"name": "bath_tempmeasures", "type": "text"}, {"name": "temp120:00", "type": "number", "units": "\u043a\u0410"}, {"name": "temp121:00", "type": "number", "units": "\u043a\u0410"}, {"name": "temp122:00", "type": "number", "units": "\u043a\u0410"}, {"name": "temp123:00", "type": "number", "units": "\u043a\u0410"}, {"name": "temp100:00", "type": "number", "units": "\u043a\u0410"}, {"name": "temp101:00", "type": "number", "units": "\u043a\u0410"}, {"name": "temp102:00", "type": "number", "units": "\u043a\u0410"}, {"name": "temp103:00", "type": "number", "units": "\u043a\u0410"}, {"name": "temp104:00", "type": "number", "units": "\u043a\u0410"}, {"name": "temp105:00", "type": "number", "units": "\u043a\u0410"}, {"name": "temp106:00", "type": "number", "units": "\u043a\u0410"}, {"name": "temp107:00", "type": "number", "units": "\u043a\u0410"}, {"name": "temp1inconsistencies", "type": "text"}, {"name": "temp1measures", "type": "text"}]}, {"name": "right", "title": "\u0422\u0435\u0445\u043d\u043e\u043b\u043e\u0433\u0438\u0447\u0435\u0441\u043a\u0438\u0439 \u0440\u0435\u0436\u0438\u043c, \u041f\u0410\u0412 \u0438 \u043a\u0440\u0438\u0441\u0442\u0430\u043b\u043b\u0438\u0437\u0430\u0442\u043e\u0440\u044b", "fields": [{"name": "h2so4", "type": "text"}, {"name": "zn", "type": "number", "units": "\u0433/\u043b"}, {"name": "solodka", "type": "number", "units": "\u0433/\u0442"}, {"name": "glue", "type": "number", "units": "\u0433/\u0442"}, {"name": "stroncii", "type": "number", "units": "\u0433/\u0442"}, {"name": "magnaflok", "type": "number", "units": "\u0433/\u0442"}, {"name": "znk", "type": "number", "units": "\u0433/\u0442"}, {"name": "cu1", "type": "number", "units": "\u043c\u0433/\u043b"}, {"name": "co1", "type": "number", "units": "\u043c\u0433/\u043b"}, {"name": "cd1", "type": "number", "units": "\u043c\u0433/\u043b"}, {"name": "sb1", "type": "number", "units": "\u043c\u0433/\u043b"}, {"name": "fe2p1", "type": "number", "units": "\u043c\u0433/\u043b"}, {"name": "bt1", "type": "number", "units": "%"}, {"name": "weight1_1", "type": "number", "units": "\u0433/\u0441\u043c\u00b3"}, {"name": "glue_resid_up", "type": "number", "units": "%"}, {"name": "glue_resid_down", "type": "number", "units": "%"}, {"name": "solodka_resid_up", "type": "number", "units": "%"}, {"name": "solodka_resid_down", "type": "number", "units": "%"}, {"name": "magnaflok_resid", "type": "number", "units": "\u043a\u0433"}, {"name": "stroncii_resid", "type": "number", "units": "\u043a\u0433"}, {"name": "cryst1", "type": "number", "units": ""}, {"name": "cryst2", "type": "number", "units": ""}]}]}