{"version": "0.1", "name": "furnace_repair", "title": "\u0416\u0443\u0440\u043d\u0430\u043b \u043f\u043e \u0440\u0435\u043c\u043e\u043d\u0442\u0443", "type": "shift", "tables": [{"name": "repair", "title": "", "fields": [{"name": "position_number", "type": "number", "units": "\u2116"}, {"name": "pp", "type": "number", "units": "\u2116"}, {"name": "department", "type": "text"}, {"name": "name_of_object", "type": "text"}, {"name": "inv_number", "type": "number", "units": "\u2116"}, {"name": "group", "type": "number", "units": ""}, {"name": "work_center", "type": "text"}, {"name": "tax_group", "type": "number", "units": "\u2116"}, {"name": "description", "type": "text"}, {"name": "executor", "type": "text"}]}]}