{"version": "0.1", "name": "leaching_express_analysis", "title": "\u0416\u0443\u0440\u043d\u0430\u043b \u044d\u043a\u0441\u043f\u0440\u0435\u0441\u0441 \u0430\u043d\u0430\u043b\u0438\u0437\u0430", "type": "shift", "tables": [{"name": "vsns", "title": "", "fields": [{"name": "time", "type": "time"}, {"name": "vsns_cobalt", "type": "number", "units": "\u043c\u0433/\u043b"}, {"name": "vsns_Sb", "type": "number", "units": "\u043c\u0433/\u043b"}, {"name": "vsns_Cu", "type": "number", "units": "\u043c\u0433/\u043b"}, {"name": "vsns_Cd", "type": "number", "units": "\u043c\u0433/\u043b"}, {"name": "vsns_solid_after", "type": "number", "units": "\u0433/\u043b"}, {"name": "vsns_pH", "type": "number", "units": "pH"}, {"name": "vsns_Fe", "type": "number", "units": "\u043c\u0433/\u043b"}, {"name": "vsns_As", "type": "number", "units": "\u043c\u0433/\u043b"}, {"name": "vsns_solid", "type": "number", "units": "\u0433/\u043b"}, {"name": "vsns_density", "type": "number", "units": "\u0433/\u0441\u043c\u00b3"}, {"name": "larox_Co", "type": "number", "units": "\u043c\u0433/\u043b"}, {"name": "larox_Sb", "type": "number", "units": "\u043c\u0433/\u043b"}, {"name": "larox_Cd", "type": "number", "units": "\u043c\u0433/\u043b"}, {"name": "larox_solid", "type": "number", "units": "\u0433/\u043b"}, {"name": "larox_pH", "type": "number", "units": "pH"}, {"name": "liq_Cd", "type": "number", "units": "\u043c\u0433/\u043b"}, {"name": "liq_Co", "type": "number", "units": "\u043c\u0433/\u043b"}, {"name": "liq_Sb", "type": "number", "units": "\u043c\u0433/\u043b"}, {"name": "liq_Cu", "type": "number", "units": "\u043c\u0433/\u043b"}, {"name": "liq_Fe", "type": "number", "units": "\u043c\u0433/\u043b"}, {"name": "liq_current_out", "type": "number", "units": "%"}, {"name": "liq_density", "type": "number", "units": "\u0433/\u0441\u043c\u00b3"}, {"name": "mng_norm", "type": "number", "units": "\u043c\u0433/\u043b"}, {"name": "mng_fact", "type": "number", "units": "\u043c\u0433/\u043b"}, {"name": "mng_discrepancy", "type": "number", "units": "\u043c\u0433/\u043b"}, {"name": "master", "type": "text"}]}, {"name": "thickeners", "title": "", "fields": [{"name": "time", "type": "time"}, {"name": "vs10_pH", "type": "number", "units": "pH"}, {"name": "vs10_Cu", "type": "number", "units": "\u043c\u0433/\u043b"}, {"name": "vs10_Fe", "type": "number", "units": "\u043c\u0433/\u043b"}, {"name": "vs10_liquid_solid", "type": "number", "units": ""}, {"name": "ns10_pH", "type": "number", "units": "pH"}, {"name": "ns10_liquid_solid", "type": "number", "units": ""}, {"name": "vs11_pH", "type": "number", "units": "pH"}, {"name": "vs11_Cu", "type": "number", "units": "\u043c\u0433/\u043b"}, {"name": "vs11_Fe", "type": "number", "units": "\u043c\u0433/\u043b"}, {"name": "vs11_liquid_solid", "type": "number", "units": ""}, {"name": "ns11_pH", "type": "number", "units": "pH"}, {"name": "ns11_liquid_solid", "type": "number", "units": ""}, {"name": "vs12_pH", "type": "number", "units": "pH"}, {"name": "vs12_Cu", "type": "number", "units": "\u043c\u0433/\u043b"}, {"name": "vs12_Fe", "type": "number", "units": "\u043c\u0433/\u043b"}, {"name": "vs12_liquid_solid", "type": "number", "units": ""}, {"name": "ns12_pH", "type": "number", "units": "pH"}, {"name": "ns12_liquid_solid", "type": "number", "units": ""}]}, {"name": "zinc_pulp", "title": "", "fields": [{"name": "zn_pulp_liquid_solid", "type": "number", "units": ""}, {"name": "zn_pulp_pH", "type": "number", "units": "pH"}, {"name": "zn_pulp_temperature", "type": "number", "units": "\u1d52C"}, {"name": "cu_pulp_liquid_solid", "type": "number", "units": ""}, {"name": "cu_pulp_before", "type": "number", "units": "\u0433/\u043b"}, {"name": "cu_pulp_after", "type": "number", "units": "\u0433/\u043b"}, {"name": "cu_pulp_tv", "type": "number", "units": "\u0433/\u043b"}, {"name": "iron_solution_h2so4", "type": "number", "units": "\u043c\u0433/\u043b"}, {"name": "iron_solution_tv", "type": "number", "units": "\u043c\u0433/\u043b"}, {"name": "iron_solution_Sb", "type": "number", "units": "\u043c\u0433/\u043b"}, {"name": "iron_solution_Cu", "type": "number", "units": "\u043c\u0433/\u043b"}, {"name": "iron_solution_Fe", "type": "number", "units": "\u043c\u0433/\u043b"}, {"name": "iron_solution_specific_weight", "type": "number", "units": "\u043c\u0433/\u043b"}, {"name": "iron_solution_As", "type": "number", "units": "\u043c\u0433/\u043b"}, {"name": "iron_solution_Cl", "type": "number", "units": "\u043c\u0433/\u043b"}, {"name": "concentrate_Shlippe", "type": "number", "units": "\u0433/\u043b"}, {"name": "active_PAV", "type": "number", "units": "\u043c/\u0447\u0430\u0441"}, {"name": "high_Fe", "type": "number", "units": ""}]}, {"name": "appt_hydrometal", "title": "", "fields": [{"name": "mann1_pH", "type": "number", "units": "pH"}, {"name": "mann1_acid", "type": "number", "units": "\u0433/\u043b"}, {"name": "mann1_Fe2", "type": "number", "units": "\u043c\u0433/\u043b"}, {"name": "mann1_Fe", "type": "number", "units": "\u043c\u0433/\u043b"}, {"name": "mann4_pH", "type": "number", "units": "pH"}, {"name": "mann4_Cu", "type": "number", "units": "\u043c\u0433/\u043b"}, {"name": "mann4_Fe", "type": "number", "units": "\u043c\u0433/\u043b"}, {"name": "mann4_Sb", "type": "number", "units": "\u043c\u0433/\u043b"}, {"name": "mann4_ots", "type": "number", "units": "\u043c\u043c"}, {"name": "sit_cinder1", "type": "number", "units": "\u043c\u043c"}, {"name": "sit_cinder2", "type": "number", "units": "\u043c\u043c"}, {"name": "sit_cinder3", "type": "number", "units": "\u043c\u043c"}, {"name": "sit_cinder4", "type": "number", "units": "\u043c\u043c"}, {"name": "sit_cinder5", "type": "number", "units": "\u043c\u043c"}, {"name": "sit_cinder6", "type": "number", "units": "\u043c\u043c"}, {"name": "sit_cinder_avg", "type": "number", "units": "\u043c\u043c"}, {"name": "fe_avg", "type": "number", "units": "\u043c\u043c"}, {"name": "fe_shave", "type": "number", "units": "\u043c\u0433/\u043b"}]}, {"name": "agitators", "title": "", "fields": [{"name": "a1314_Cd_before1", "type": "number", "units": "\u043c\u0433/\u043b"}, {"name": "a1314_Cu_before1", "type": "number", "units": "\u043c\u0433/\u043b"}, {"name": "a1314_Co_before1", "type": "number", "units": "\u043c\u0433/\u043b"}, {"name": "a15_pH_before1", "type": "number", "units": "\u043c\u0433/\u043b"}, {"name": "a15_Cu_before1", "type": "number", "units": "\u043c\u0433/\u043b"}, {"name": "a17_pH_before1", "type": "number", "units": "\u043c\u0433/\u043b"}, {"name": "a17_Cu_before1", "type": "number", "units": "\u043c\u0433/\u043b"}, {"name": "a19_H2SO4_before1", "type": "number", "units": "\u043c\u0433/\u043b"}, {"name": "a19_Cu_before1", "type": "number", "units": "\u043c\u0433/\u043b"}, {"name": "a1314_Cd_before2", "type": "number", "units": "\u043c\u0433/\u043b"}, {"name": "a1314_Cu_before2", "type": "number", "units": "\u043c\u0433/\u043b"}, {"name": "a1314_Co_before2", "type": "number", "units": "\u043c\u0433/\u043b"}, {"name": "a15_pH_before2", "type": "number", "units": "\u043c\u0433/\u043b"}, {"name": "a15_Cu_before2", "type": "number", "units": "\u043c\u0433/\u043b"}, {"name": "a17_pH_before2", "type": "number", "units": "\u043c\u0433/\u043b"}, {"name": "a17_Cu_before2", "type": "number", "units": "\u043c\u0433/\u043b"}, {"name": "a19_H2SO4_before2", "type": "number", "units": "\u043c\u0433/\u043b"}, {"name": "a19_Cu_before2", "type": "number", "units": "\u043c\u0433/\u043b"}, {"name": "a1314_Cd_before3", "type": "number", "units": "\u043c\u0433/\u043b"}, {"name": "a1314_Cu_before3", "type": "number", "units": "\u043c\u0433/\u043b"}, {"name": "a1314_Co_before3", "type": "number", "units": "\u043c\u0433/\u043b"}, {"name": "a15_pH_before3", "type": "number", "units": "\u043c\u0433/\u043b"}, {"name": "a15_Cu_before3", "type": "number", "units": "\u043c\u0433/\u043b"}, {"name": "a17_pH_before3", "type": "number", "units": "\u043c\u0433/\u043b"}, {"name": "a17_Cu_before3", "type": "number", "units": "\u043c\u0433/\u043b"}, {"name": "a19_H2SO4_before3", "type": "number", "units": "\u043c\u0433/\u043b"}, {"name": "a19_Cu_before3", "type": "number", "units": "\u043c\u0433/\u043b"}, {"name": "a1314_Cd_after1", "type": "number", "units": "\u043c\u0433/\u043b"}, {"name": "a1314_Cu_after1", "type": "number", "units": "\u043c\u0433/\u043b"}, {"name": "a1314_Co_after1", "type": "number", "units": "\u043c\u0433/\u043b"}, {"name": "a15_pH_after1", "type": "number", "units": "\u043c\u0433/\u043b"}, {"name": "a15_Cu_after1", "type": "number", "units": "\u043c\u0433/\u043b"}, {"name": "a17_pH_after1", "type": "number", "units": "\u043c\u0433/\u043b"}, {"name": "a17_Cu_after1", "type": "number", "units": "\u043c\u0433/\u043b"}, {"name": "a19_H2SO4_after1", "type": "number", "units": "\u043c\u0433/\u043b"}, {"name": "a19_Cu_after1", "type": "number", "units": "\u043c\u0433/\u043b"}, {"name": "a1314_Cd_after2", "type": "number", "units": "\u043c\u0433/\u043b"}, {"name": "a1314_Cu_after2", "type": "number", "units": "\u043c\u0433/\u043b"}, {"name": "a1314_Co_after2", "type": "number", "units": "\u043c\u0433/\u043b"}, {"name": "a15_pH_after2", "type": "number", "units": "\u043c\u0433/\u043b"}, {"name": "a15_Cu_after2", "type": "number", "units": "\u043c\u0433/\u043b"}, {"name": "a17_pH_after2", "type": "number", "units": "\u043c\u0433/\u043b"}, {"name": "a17_Cu_after2", "type": "number", "units": "\u043c\u0433/\u043b"}, {"name": "a19_H2SO4_after2", "type": "number", "units": "\u043c\u0433/\u043b"}, {"name": "a19_Cu_after2", "type": "number", "units": "\u043c\u0433/\u043b"}, {"name": "a1314_Cd_after3", "type": "number", "units": "\u043c\u0433/\u043b"}, {"name": "a1314_Cu_after3", "type": "number", "units": "\u043c\u0433/\u043b"}, {"name": "a1314_Co_after3", "type": "number", "units": "\u043c\u0433/\u043b"}, {"name": "a15_pH_after3", "type": "number", "units": "\u043c\u0433/\u043b"}, {"name": "a15_Cu_after3", "type": "number", "units": "\u043c\u0433/\u043b"}, {"name": "a17_pH_after3", "type": "number", "units": "\u043c\u0433/\u043b"}, {"name": "a17_Cu_after3", "type": "number", "units": "\u043c\u0433/\u043b"}, {"name": "a19_H2SO4_after3", "type": "number", "units": "\u043c\u0433/\u043b"}, {"name": "a19_Cu_after3", "type": "number", "units": "\u043c\u0433/\u043b"}, {"name": "journal_comment", "type": "text"}]}, {"name": "reagents", "title": "", "fields": [{"name": "delivery_salt", "type": "number", "units": "\u043a\u0433"}, {"name": "delivery_Zn_dust", "type": "number", "units": ""}, {"name": "delivery_Mn_ore", "type": "number", "units": "\u0442\u043d"}, {"name": "delivery_Magnaflok", "type": "number", "units": "\u043a\u0433"}, {"name": "delivery_Fe_shave", "type": "number", "units": "\u043a\u0433"}, {"name": "income_salt", "type": "number", "units": "\u043a\u0433"}, {"name": "income_Zn_dust", "type": "number", "units": ""}, {"name": "income_Mn_ore", "type": "number", "units": "\u0442\u043d"}, {"name": "income_Magnaflok", "type": "number", "units": "\u043a\u0433"}, {"name": "income_Fe_shave", "type": "number", "units": "\u043a\u0433"}, {"name": "outcome_salt", "type": "number", "units": "\u043a\u0433"}, {"name": "outcome_Zn_1st", "type": "number", "units": "\u0442\u043e\u043d\u043d"}, {"name": "outcome_Zn_2st", "type": "number", "units": "\u0442\u043e\u043d\u043d"}, {"name": "outcome_Zn_3st", "type": "number", "units": "\u0442\u043e\u043d\u043d"}, {"name": "outcome_Zn_Cd", "type": "number", "units": "\u0442\u043d"}, {"name": "outcome_Mn_ore", "type": "number", "units": "\u0442\u043d"}, {"name": "outcome_Magnaflok", "type": "number", "units": "\u043a\u0433"}, {"name": "outcome_Fe_shave", "type": "number", "units": "\u043a\u0433"}, {"name": "passed_salt", "type": "number", "units": "\u043a\u0433"}, {"name": "passed_Zn_dust", "type": "number", "units": ""}, {"name": "passed_Mn_ore", "type": "number", "units": "\u0442\u043d"}, {"name": "passed_Magnaflok", "type": "number", "units": "\u043a\u0433"}, {"name": "passed_Fe_shave", "type": "number", "units": "\u043a\u0433"}, {"name": "state_fances", "type": "text"}]}, {"name": "neutral_thickeners", "title": "", "fields": [{"name": "sediment1", "type": "number", "units": "\u0441\u043c"}, {"name": "sediment2", "type": "number", "units": "\u0441\u043c"}, {"name": "sediment3", "type": "number", "units": "\u0441\u043c"}, {"name": "sediment4", "type": "number", "units": "\u0441\u043c"}, {"name": "sediment5", "type": "number", "units": "\u0441\u043c"}, {"name": "sediment6", "type": "number", "units": "\u0441\u043c"}, {"name": "sediment7", "type": "number", "units": "\u0441\u043c"}, {"name": "sediment8", "type": "number", "units": "\u0441\u043c"}, {"name": "sediment13", "type": "number", "units": "\u0441\u043c"}, {"name": "liquid_solid1", "type": "number", "units": ""}, {"name": "liquid_solid2", "type": "number", "units": ""}, {"name": "liquid_solid3", "type": "number", "units": ""}, {"name": "liquid_solid4", "type": "number", "units": ""}, {"name": "liquid_solid5", "type": "number", "units": ""}, {"name": "liquid_solid6", "type": "number", "units": ""}, {"name": "liquid_solid7", "type": "number", "units": ""}, {"name": "liquid_solid8", "type": "number", "units": ""}, {"name": "liquid_solid13", "type": "number", "units": ""}]}, {"name": "tanks_availability", "title": "", "fields": [{"name": "prev_measurements_waste_tank_1-2seria", "type": "number", "units": ""}, {"name": "current_measurements_waste_tank_1-2seria", "type": "number", "units": ""}, {"name": "divergence_waste_tank_1-2seria", "type": "number", "units": ""}, {"name": "prev_measurements_manns_1-9", "type": "number", "units": ""}, {"name": "current_measurements_manns_1-9", "type": "number", "units": ""}, {"name": "divergence_manns_1-9", "type": "number", "units": ""}, {"name": "prev_measurements_manns_VTV_10-12", "type": "number", "units": ""}, {"name": "current_measurements_manns_VTV_10-12", "type": "number", "units": ""}, {"name": "divergence_manns_VTV_10-12", "type": "number", "units": ""}, {"name": "prev_measurements_thickener-9", "type": "number", "units": ""}, {"name": "current_measurements_thickener-9", "type": "number", "units": ""}, {"name": "divergence_thickener-9", "type": "number", "units": ""}, {"name": "prev_measurements_agitator-22", "type": "number", "units": ""}, {"name": "current_measurements_agitator-22", "type": "number", "units": ""}, {"name": "divergence_agitator-22", "type": "number", "units": ""}, {"name": "prev_measurements_neutral_tank", "type": "number", "units": ""}, {"name": "current_measurements_neutral_tank", "type": "number", "units": ""}, {"name": "divergence_neutral_tank", "type": "number", "units": ""}, {"name": "prev_measurements_waste_mann-2", "type": "number", "units": ""}, {"name": "current_measurements_waste_mann-2", "type": "number", "units": ""}, {"name": "divergence_waste_mann-2", "type": "number", "units": ""}, {"name": "prev_measurements_waste_mann-3", "type": "number", "units": ""}, {"name": "current_measurements_waste_mann-3", "type": "number", "units": ""}, {"name": "divergence_waste_mann-3", "type": "number", "units": ""}, {"name": "prev_measurements_waste_mann-9", "type": "number", "units": ""}, {"name": "current_measurements_waste_mann-9", "type": "number", "units": ""}, {"name": "divergence_waste_mann-9", "type": "number", "units": ""}, {"name": "prev_measurements_-", "type": "number", "units": ""}, {"name": "current_measurements_-", "type": "number", "units": ""}, {"name": "divergence_-", "type": "number", "units": ""}, {"name": "prev_measurements_removable_balance", "type": "number", "units": ""}, {"name": "current_measurements_removable_balance", "type": "number", "units": ""}, {"name": "divergence_removable_balance", "type": "number", "units": ""}, {"name": "prev_measurements_daily_balance", "type": "number", "units": ""}, {"name": "current_measurements_daily_balance", "type": "number", "units": ""}, {"name": "divergence_daily_balance", "type": "number", "units": ""}]}, {"name": "tanks_for_finished_products", "title": "", "fields": [{"name": "Cd_tank3", "type": "number", "units": "\u043c\u0433/\u043b"}, {"name": "Cu_tank3", "type": "number", "units": "\u043c\u0433/\u043b"}, {"name": "Co_tank3", "type": "number", "units": "\u043c\u0433/\u043b"}, {"name": "Sb_tank3", "type": "number", "units": "\u043c\u0433/\u043b"}, {"name": "Fe_tank3", "type": "number", "units": "\u043c\u0433/\u043b"}, {"name": "correction_tank3", "type": "text"}, {"name": "master_tank3", "type": "text"}, {"name": "VT_tank3", "type": "number", "units": ""}, {"name": "specific_weight_tank3", "type": "number", "units": ""}, {"name": "norm_tank3", "type": "number", "units": ""}, {"name": "fact_tank3", "type": "number", "units": ""}, {"name": "Cd_tank4", "type": "number", "units": "\u043c\u0433/\u043b"}, {"name": "Cu_tank4", "type": "number", "units": "\u043c\u0433/\u043b"}, {"name": "Co_tank4", "type": "number", "units": "\u043c\u0433/\u043b"}, {"name": "Sb_tank4", "type": "number", "units": "\u043c\u0433/\u043b"}, {"name": "Fe_tank4", "type": "number", "units": "\u043c\u0433/\u043b"}, {"name": "correction_tank4", "type": "text"}, {"name": "master_tank4", "type": "text"}, {"name": "VT_tank4", "type": "number", "units": ""}, {"name": "specific_weight_tank4", "type": "number", "units": ""}, {"name": "norm_tank4", "type": "number", "units": ""}, {"name": "fact_tank4", "type": "number", "units": ""}, {"name": "Cd_tank5", "type": "number", "units": "\u043c\u0433/\u043b"}, {"name": "Cu_tank5", "type": "number", "units": "\u043c\u0433/\u043b"}, {"name": "Co_tank5", "type": "number", "units": "\u043c\u0433/\u043b"}, {"name": "Sb_tank5", "type": "number", "units": "\u043c\u0433/\u043b"}, {"name": "Fe_tank5", "type": "number", "units": "\u043c\u0433/\u043b"}, {"name": "correction_tank5", "type": "text"}, {"name": "master_tank5", "type": "text"}, {"name": "VT_tank5", "type": "number", "units": ""}, {"name": "specific_weight_tank5", "type": "number", "units": ""}, {"name": "norm_tank5", "type": "number", "units": ""}, {"name": "fact_tank5", "type": "number", "units": ""}]}, {"name": "self_protection", "title": "", "fields": [{"name": "visiting_time", "type": "time"}, {"name": "visiting", "type": "text"}, {"name": "notation", "type": "text"}]}, {"name": "cinder", "title": "", "fields": [{"name": "shift_total", "type": "number", "units": ""}, {"name": "day_total", "type": "number", "units": ""}, {"name": "in_process", "type": "number", "units": ""}]}, {"name": "sample", "title": "", "fields": [{"name": "time", "type": "time"}, {"name": "Cd", "type": "number", "units": ""}, {"name": "Cu", "type": "number", "units": ""}, {"name": "VIU1", "type": "number", "units": ""}, {"name": "VIU2", "type": "number", "units": ""}, {"name": "VIU3", "type": "number", "units": ""}]}, {"name": "loads", "title": "", "fields": [{"name": "time7", "type": "number", "units": "\u0410\u043c\u043f\u0435\u0440"}, {"name": "time12", "type": "number", "units": "\u0410\u043c\u043f\u0435\u0440"}, {"name": "counter", "type": "number", "units": "\u0410\u043c\u043f\u0435\u0440"}, {"name": "bunker_cvco", "type": "number", "units": "\u0410\u043c\u043f\u0435\u0440"}, {"name": "silos", "type": "number", "units": "\u0410\u043c\u043f\u0435\u0440"}, {"name": "bunkers_oc", "type": "number", "units": "\u0410\u043c\u043f\u0435\u0440"}, {"name": "description", "type": "text"}]}, {"name": "neutral", "title": "", "fields": [{"name": "neutral_solution", "type": "number", "units": ""}, {"name": "leach1", "type": "number", "units": ""}, {"name": "leach2", "type": "number", "units": ""}, {"name": "bak_3", "type": "number", "units": ""}, {"name": "bak_4", "type": "number", "units": ""}, {"name": "summary", "type": "number", "units": ""}, {"name": "bak_seria3", "type": "number", "units": ""}, {"name": "bak_5", "type": "number", "units": ""}, {"name": "bak_6", "type": "number", "units": ""}]}, {"name": "shift_info", "title": "", "fields": [{"name": "this_master", "type": "text"}, {"name": "next_master", "type": "text"}, {"name": "out_sol_t", "type": "number", "units": "\u0442\u043e\u043d\u043d"}, {"name": "out_sol_c", "type": "number", "units": "\u0442\u043e\u043d\u043d"}, {"name": "out_pulp_cvck", "type": "number", "units": "\u0442\u043e\u043d\u043d"}, {"name": "out_cu_kek", "type": "number", "units": "\u043c\u00b3"}, {"name": "out_cd_sponge", "type": "number", "units": "\u0442\u043e\u043d\u043d"}, {"name": "out_neutr", "type": "number", "units": "\u043c\u00b3"}, {"name": "out_Cd", "type": "number", "units": "\u043c\u00b3"}, {"name": "neutral_hmc", "type": "number", "units": "\u043c\u00b3"}, {"name": "out_cu_pulp", "type": "number", "units": "\u043c\u00b3"}, {"name": "in_filtrate_ls", "type": "number", "units": "\u043c\u00b3"}, {"name": "in_fe", "type": "number", "units": "\u043c\u00b3"}, {"name": "in_filtrate_dens", "type": "number", "units": ""}, {"name": "in_fe_hi", "type": "number", "units": "\u043c\u00b3"}, {"name": "in_poor_cd", "type": "number", "units": "\u043c\u00b3"}]}]}