{"version": "0.1", "name": "reports_furnace_area", "title": "\u0422\u0435\u0445\u043d\u043e\u043b\u043e\u0433\u0438\u0447\u0435\u0441\u043a\u0438\u0439 \u0436\u0443\u0440\u043d\u0430\u043b \u043f\u0440\u043e\u0446\u0435\u0441\u0441\u0430 \u043f\u0440\u043e\u0438\u0437\u0432\u043e\u0434\u0441\u0442\u0432\u0430 \u043e\u0433\u0430\u0440\u043a\u0430", "type": "shift", "tables": [{"name": "main", "title": "", "fields": [{"name": "number", "type": "number", "units": "\u2116"}, {"name": "rate", "type": "number", "units": "\u043c\u00b3/\u0447\u0430\u0441"}, {"name": "elasticity", "type": "number", "units": "\u043a\u0433\u0441/\u043c\u00b2"}, {"name": "rate_o2", "type": "number", "units": "\u043c\u00b3/\u0447\u0430\u0441"}, {"name": "rate_o2_prc", "type": "number", "units": "%"}, {"name": "temperture_in_layer", "type": "number", "units": "\u1d52C"}, {"name": "temperture_under", "type": "number", "units": "\u1d52C"}, {"name": "volume", "type": "number", "units": "\u043c\u00b3"}, {"name": "pressure", "type": "number", "units": "\u043c\u043c.\u0432.\u0441\u0442."}, {"name": "uio_select", "type": "datalist", "options": ["-", "P\u0431", "P\u0442", "Q\u043f"]}, {"name": "uio", "type": "number", "units": "\u043a\u0433\u0441/\u043c\u00b2"}, {"name": "smoke", "type": "text"}]}, {"name": "udel", "title": "", "fields": [{"name": "ks1", "type": "number", "units": "\u2116"}, {"name": "val1", "type": "number", "units": "\u0442\u043c\u00b2/\u0441\u0443\u0442"}, {"name": "ks2", "type": "number", "units": "\u2116"}, {"name": "val2", "type": "number", "units": "\u0442\u043c\u00b2/\u0441\u0443\u0442"}, {"name": "ks3", "type": "number", "units": "\u2116"}, {"name": "val3", "type": "number", "units": "\u0442\u043c\u00b2/\u0441\u0443\u0442"}]}, {"name": "area_class_cinder", "title": "", "fields": [{"name": "gmc4_1", "type": "number", "units": "\u043c"}, {"name": "gmc4_2", "type": "number", "units": "\u043c"}, {"name": "gmc1_1", "type": "number", "units": "\u043c"}, {"name": "gmc1_2", "type": "number", "units": "\u043c"}, {"name": "uk3", "type": "number", "units": "\u043c"}, {"name": "uk5", "type": "number", "units": "\u043c"}, {"name": "uk7", "type": "number", "units": "\u043c"}, {"name": "uk4", "type": "number", "units": "\u043c"}, {"name": "uk6", "type": "number", "units": "\u043c"}, {"name": "tonn", "type": "number", "units": "\u0442\u043e\u043d\u043d"}, {"name": "silos1", "type": "number", "units": "\u043c"}, {"name": "silos2", "type": "number", "units": "\u043c"}, {"name": "silos3", "type": "number", "units": "\u043c"}, {"name": "silos4", "type": "number", "units": "\u043c"}, {"name": "silos5", "type": "number", "units": "\u043c"}, {"name": "silos6", "type": "number", "units": "\u043c"}, {"name": "silos7", "type": "number", "units": "\u043c"}, {"name": "silos8", "type": "number", "units": "\u043c"}, {"name": "silos9", "type": "number", "units": "\u043c"}, {"name": "elevators", "type": "number", "units": "\u2116"}, {"name": "mills", "type": "number", "units": "\u2116"}, {"name": "separators", "type": "number", "units": "\u2116"}]}, {"name": "electrofilter", "title": "", "fields": [{"name": "M_s1_t_in", "type": "number", "units": "\u1d52C"}, {"name": "M_s2_t_in", "type": "number", "units": "\u1d52C"}, {"name": "G_s1_t_in", "type": "number", "units": "\u1d52C"}, {"name": "G_s2_t_in", "type": "number", "units": "\u1d52C"}, {"name": "s1_t_in", "type": "number", "units": "\u1d52C"}, {"name": "s2_t_in", "type": "number", "units": "\u1d52C"}, {"name": "M_s1_t_out", "type": "number", "units": "\u1d52C"}, {"name": "M_s2_t_out", "type": "number", "units": "\u1d52C"}, {"name": "G_s1_t_out", "type": "number", "units": "\u1d52C"}, {"name": "G_s2_t_out", "type": "number", "units": "\u1d52C"}, {"name": "s1_t_out", "type": "number", "units": "\u1d52C"}, {"name": "s2_t_out", "type": "number", "units": "\u1d52C"}, {"name": "M_s1_vam", "type": "text"}, {"name": "M_s2_vam", "type": "text"}, {"name": "G_s1_vam", "type": "text"}, {"name": "G_s2_vam", "type": "text"}, {"name": "s1_vam", "type": "text"}, {"name": "s2_vam", "type": "text"}, {"name": "M_s1_con", "type": "number", "units": "%"}, {"name": "M_s2_con", "type": "number", "units": "%"}, {"name": "G_s1_con", "type": "number", "units": "%"}, {"name": "G_s2_con", "type": "number", "units": "%"}, {"name": "s1_con", "type": "number", "units": "%"}, {"name": "s2_con", "type": "number", "units": "%"}, {"name": "gas1", "type": "text"}, {"name": "gas2", "type": "text"}, {"name": "gas3", "type": "text"}, {"name": "M_s1_fact", "type": "number", "units": "\u043c\u00b3"}, {"name": "M_s2_fact", "type": "number", "units": "\u043c\u00b3"}, {"name": "G_s1_fact", "type": "number", "units": "\u043c\u00b3"}, {"name": "G_s2_fact", "type": "number", "units": "\u043c\u00b3"}, {"name": "s1_fact", "type": "number", "units": "\u043c\u00b3"}, {"name": "s2_fact", "type": "number", "units": "\u043c\u00b3"}, {"name": "vak1", "type": "text"}, {"name": "vak2", "type": "text"}]}, {"name": "warehouse_concentrates", "title": "", "fields": [{"name": "shihta", "type": "number", "units": ""}, {"name": "on_station", "type": "number", "units": ""}, {"name": "unload", "type": "number", "units": ""}, {"name": "r1_per_shift", "type": "number", "units": "\u0412\u041c\u0422"}, {"name": "r1_per_day", "type": "number", "units": "\u0412\u041c\u0422"}, {"name": "r1_unload_shift", "type": "number", "units": "\u0448\u0442"}, {"name": "r1_unload_day", "type": "number", "units": "\u0448\u0442"}, {"name": "r2_per_shift", "type": "number", "units": "\u0412\u041c\u0422"}, {"name": "r2_per_day", "type": "number", "units": "\u0412\u041c\u0422"}, {"name": "r2_unload_shift", "type": "number", "units": "\u0448\u0442"}, {"name": "r2_unload_day", "type": "number", "units": "\u0448\u0442"}, {"name": "r3_per_shift", "type": "number", "units": "\u0412\u041c\u0422"}, {"name": "r3_per_day", "type": "number", "units": "\u0412\u041c\u0422"}, {"name": "r3_unload_shift", "type": "number", "units": "\u0448\u0442"}, {"name": "r3_unload_day", "type": "number", "units": "\u0448\u0442"}, {"name": "crusher_number", "type": "number", "units": "\u2116"}, {"name": "moisture", "type": "number", "units": "%"}]}, {"name": "airmachines", "title": "", "fields": [{"name": "conc_o2", "type": "number", "units": "%"}, {"name": "time_start", "type": "time"}, {"name": "cnt_in_process", "type": "number", "units": "\u2116"}]}, {"name": "fences", "title": "", "fields": [{"name": "results", "type": "text"}, {"name": "term", "type": "date"}, {"name": "mark", "type": "text"}]}, {"name": "concentration_by_time", "title": "", "fields": [{"name": "time", "type": "time"}, {"name": "collector", "type": "number", "units": "\u043c\u043c. \u0432\u043e\u0434. \u0441\u0442."}, {"name": "concentration", "type": "number", "units": "%"}, {"name": "mixture", "type": "number", "units": "%"}, {"name": "conformity", "type": "text"}]}, {"name": "places_of_sampling", "title": "", "fields": [{"name": "time", "type": "time"}, {"name": "place", "type": "number", "units": ""}, {"name": "S_cinder", "type": "number", "units": "%"}, {"name": "S_general", "type": "number", "units": "%"}, {"name": "conformity", "type": "text"}, {"name": "event", "type": "text"}]}, {"name": "corrective_actions", "title": "", "fields": [{"name": "time", "type": "time"}, {"name": "character", "type": "text"}, {"name": "correction", "type": "text"}, {"name": "extra", "type": "number", "units": ""}, {"name": "ks_comment", "type": "text"}]}, {"name": "self_protection", "title": "", "fields": [{"name": "time", "type": "time"}, {"name": "comments", "type": "text"}, {"name": "mark", "type": "text"}]}, {"name": "worth", "title": "", "fields": [{"name": "material", "type": "text"}, {"name": "note", "type": "text"}, {"name": "aspiration", "type": "text"}, {"name": "kip", "type": "text"}, {"name": "electro", "type": "text"}, {"name": "extra_note", "type": "text"}]}]}