{"version": "0.1", "name": "electrolysis_technical_report_4_degree", "title": "\u0422\u0435\u0445\u043d\u043e\u043b\u043e\u0433\u0438\u0447\u0435\u0441\u043a\u0438\u0439 \u0436\u0443\u0440\u043d\u0430\u043b \u044d\u043b\u0435\u043a\u0442\u0440\u043e\u043b\u0438\u0437\u0430 4-\u0439 \u0441\u0435\u0440\u0438\u0438", "tables": [{"name": "left", "title": "", "fields": [{"name": "row_names"}, {"name": "times"}, {"name": "last_headers"}, {"name": "zn20:00", "type": "number", "units": "\u0433/\u043b"}, {"name": "zn21:00", "type": "number", "units": "\u0433/\u043b"}, {"name": "zn22:00", "type": "number", "units": "\u0433/\u043b"}, {"name": "zn23:00", "type": "number", "units": "\u0433/\u043b"}, {"name": "zn00:00", "type": "number", "units": "\u0433/\u043b"}, {"name": "zn01:00", "type": "number", "units": "\u0433/\u043b"}, {"name": "zn02:00", "type": "number", "units": "\u0433/\u043b"}, {"name": "zn03:00", "type": "number", "units": "\u0433/\u043b"}, {"name": "zn04:00", "type": "number", "units": "\u0433/\u043b"}, {"name": "zn05:00", "type": "number", "units": "\u0433/\u043b"}, {"name": "zn06:00", "type": "number", "units": "\u0433/\u043b"}, {"name": "zn07:00", "type": "number", "units": "\u0433/\u043b"}, {"name": "znmismatches", "type": "text"}, {"name": "znmeasures", "type": "text"}, {"name": "zn_mix20:00", "type": "number", "units": "\u0433/\u043b"}, {"name": "zn_mix21:00", "type": "number", "units": "\u0433/\u043b"}, {"name": "zn_mix22:00", "type": "number", "units": "\u0433/\u043b"}, {"name": "zn_mix23:00", "type": "number", "units": "\u0433/\u043b"}, {"name": "zn_mix00:00", "type": "number", "units": "\u0433/\u043b"}, {"name": "zn_mix01:00", "type": "number", "units": "\u0433/\u043b"}, {"name": "zn_mix02:00", "type": "number", "units": "\u0433/\u043b"}, {"name": "zn_mix03:00", "type": "number", "units": "\u0433/\u043b"}, {"name": "zn_mix04:00", "type": "number", "units": "\u0433/\u043b"}, {"name": "zn_mix05:00", "type": "number", "units": "\u0433/\u043b"}, {"name": "zn_mix06:00", "type": "number", "units": "\u0433/\u043b"}, {"name": "zn_mix07:00", "type": "number", "units": "\u0433/\u043b"}, {"name": "zn_mixmismatches", "type": "text"}, {"name": "zn_mixmeasures", "type": "text"}, {"name": "h2so420:00", "type": "number", "units": "\u0433/\u043b"}, {"name": "h2so421:00", "type": "number", "units": "\u0433/\u043b"}, {"name": "h2so422:00", "type": "number", "units": "\u0433/\u043b"}, {"name": "h2so423:00", "type": "number", "units": "\u0433/\u043b"}, {"name": "h2so400:00", "type": "number", "units": "\u0433/\u043b"}, {"name": "h2so401:00", "type": "number", "units": "\u0433/\u043b"}, {"name": "h2so402:00", "type": "number", "units": "\u0433/\u043b"}, {"name": "h2so403:00", "type": "number", "units": "\u0433/\u043b"}, {"name": "h2so404:00", "type": "number", "units": "\u0433/\u043b"}, {"name": "h2so405:00", "type": "number", "units": "\u0433/\u043b"}, {"name": "h2so406:00", "type": "number", "units": "\u0433/\u043b"}, {"name": "h2so407:00", "type": "number", "units": "\u0433/\u043b"}, {"name": "h2so4mismatches", "type": "text"}, {"name": "h2so4measures", "type": "text"}, {"name": "solute120:00", "type": "number", "units": "\u0433/\u0441\u043c\u00b3"}, {"name": "solute121:00", "type": "number", "units": "\u0433/\u0441\u043c\u00b3"}, {"name": "solute122:00", "type": "number", "units": "\u0433/\u0441\u043c\u00b3"}, {"name": "solute123:00", "type": "number", "units": "\u0433/\u0441\u043c\u00b3"}, {"name": "solute100:00", "type": "number", "units": "\u0433/\u0441\u043c\u00b3"}, {"name": "solute101:00", "type": "number", "units": "\u0433/\u0441\u043c\u00b3"}, {"name": "solute102:00", "type": "number", "units": "\u0433/\u0441\u043c\u00b3"}, {"name": "solute103:00", "type": "number", "units": "\u0433/\u0441\u043c\u00b3"}, {"name": "solute104:00", "type": "number", "units": "\u0433/\u0441\u043c\u00b3"}, {"name": "solute105:00", "type": "number", "units": "\u0433/\u0441\u043c\u00b3"}, {"name": "solute106:00", "type": "number", "units": "\u0433/\u0441\u043c\u00b3"}, {"name": "solute107:00", "type": "number", "units": "\u0433/\u0441\u043c\u00b3"}, {"name": "solute1mismatches", "type": "text"}, {"name": "solute1measures", "type": "text"}, {"name": "solute220:00", "type": "number", "units": "\u0433/\u0441\u043c\u00b3"}, {"name": "solute221:00", "type": "number", "units": "\u0433/\u0441\u043c\u00b3"}, {"name": "solute222:00", "type": "number", "units": "\u0433/\u0441\u043c\u00b3"}, {"name": "solute223:00", "type": "number", "units": "\u0433/\u0441\u043c\u00b3"}, {"name": "solute200:00", "type": "number", "units": "\u0433/\u0441\u043c\u00b3"}, {"name": "solute201:00", "type": "number", "units": "\u0433/\u0441\u043c\u00b3"}, {"name": "solute202:00", "type": "number", "units": "\u0433/\u0441\u043c\u00b3"}, {"name": "solute203:00", "type": "number", "units": "\u0433/\u0441\u043c\u00b3"}, {"name": "solute204:00", "type": "number", "units": "\u0433/\u0441\u043c\u00b3"}, {"name": "solute205:00", "type": "number", "units": "\u0433/\u0441\u043c\u00b3"}, {"name": "solute206:00", "type": "number", "units": "\u0433/\u0441\u043c\u00b3"}, {"name": "solute207:00", "type": "number", "units": "\u0433/\u0441\u043c\u00b3"}, {"name": "solute2mismatches", "type": "text"}, {"name": "solute2measures", "type": "text"}, {"name": "mixture_temp20:00", "type": "number", "units": "\u1d52C"}, {"name": "mixture_temp21:00", "type": "number", "units": "\u1d52C"}, {"name": "mixture_temp22:00", "type": "number", "units": "\u1d52C"}, {"name": "mixture_temp23:00", "type": "number", "units": "\u1d52C"}, {"name": "mixture_temp00:00", "type": "number", "units": "\u1d52C"}, {"name": "mixture_temp01:00", "type": "number", "units": "\u1d52C"}, {"name": "mixture_temp02:00", "type": "number", "units": "\u1d52C"}, {"name": "mixture_temp03:00", "type": "number", "units": "\u1d52C"}, {"name": "mixture_temp04:00", "type": "number", "units": "\u1d52C"}, {"name": "mixture_temp05:00", "type": "number", "units": "\u1d52C"}, {"name": "mixture_temp06:00", "type": "number", "units": "\u1d52C"}, {"name": "mixture_temp07:00", "type": "number", "units": "\u1d52C"}, {"name": "mixture_tempmismatches", "type": "text"}, {"name": "mixture_tempmeasures", "type": "text"}, {"name": "bath_temp20:00", "type": "number", "units": "\u1d52C"}, {"name": "bath_temp21:00", "type": "number", "units": "\u1d52C"}, {"name": "bath_temp22:00", "type": "number", "units": "\u1d52C"}, {"name": "bath_temp23:00", "type": "number", "units": "\u1d52C"}, {"name": "bath_temp00:00", "type": "number", "units": "\u1d52C"}, {"name": "bath_temp01:00", "type": "number", "units": "\u1d52C"}, {"name": "bath_temp02:00", "type": "number", "units": "\u1d52C"}, {"name": "bath_temp03:00", "type": "number", "units": "\u1d52C"}, {"name": "bath_temp04:00", "type": "number", "units": "\u1d52C"}, {"name": "bath_temp05:00", "type": "number", "units": "\u1d52C"}, {"name": "bath_temp06:00", "type": "number", "units": "\u1d52C"}, {"name": "bath_temp07:00", "type": "number", "units": "\u1d52C"}, {"name": "bath_tempmismatches", "type": "text"}, {"name": "bath_tempmeasures", "type": "text"}, {"name": "h2o_temp20:00", "type": "number", "units": "\u1d52C"}, {"name": "h2o_temp21:00", "type": "number", "units": "\u1d52C"}, {"name": "h2o_temp22:00", "type": "number", "units": "\u1d52C"}, {"name": "h2o_temp23:00", "type": "number", "units": "\u1d52C"}, {"name": "h2o_temp00:00", "type": "number", "units": "\u1d52C"}, {"name": "h2o_temp01:00", "type": "number", "units": "\u1d52C"}, {"name": "h2o_temp02:00", "type": "number", "units": "\u1d52C"}, {"name": "h2o_temp03:00", "type": "number", "units": "\u1d52C"}, {"name": "h2o_temp04:00", "type": "number", "units": "\u1d52C"}, {"name": "h2o_temp05:00", "type": "number", "units": "\u1d52C"}, {"name": "h2o_temp06:00", "type": "number", "units": "\u1d52C"}, {"name": "h2o_temp07:00", "type": "number", "units": "\u1d52C"}, {"name": "h2o_tempmismatches", "type": "text"}, {"name": "h2o_tempmeasures", "type": "text"}, {"name": "h2o_pressure20:00", "type": "number", "units": "\u041f\u0430"}, {"name": "h2o_pressure21:00", "type": "number", "units": "\u041f\u0430"}, {"name": "h2o_pressure22:00", "type": "number", "units": "\u041f\u0430"}, {"name": "h2o_pressure23:00", "type": "number", "units": "\u041f\u0430"}, {"name": "h2o_pressure00:00", "type": "number", "units": "\u041f\u0430"}, {"name": "h2o_pressure01:00", "type": "number", "units": "\u041f\u0430"}, {"name": "h2o_pressure02:00", "type": "number", "units": "\u041f\u0430"}, {"name": "h2o_pressure03:00", "type": "number", "units": "\u041f\u0430"}, {"name": "h2o_pressure04:00", "type": "number", "units": "\u041f\u0430"}, {"name": "h2o_pressure05:00", "type": "number", "units": "\u041f\u0430"}, {"name": "h2o_pressure06:00", "type": "number", "units": "\u041f\u0430"}, {"name": "h2o_pressure07:00", "type": "number", "units": "\u041f\u0430"}, {"name": "h2o_pressuremismatches", "type": "text"}, {"name": "h2o_pressuremeasures", "type": "text"}, {"name": "gas_pressure20:00", "type": "number", "units": "\u041f\u0430"}, {"name": "gas_pressure21:00", "type": "number", "units": "\u041f\u0430"}, {"name": "gas_pressure22:00", "type": "number", "units": "\u041f\u0430"}, {"name": "gas_pressure23:00", "type": "number", "units": "\u041f\u0430"}, {"name": "gas_pressure00:00", "type": "number", "units": "\u041f\u0430"}, {"name": "gas_pressure01:00", "type": "number", "units": "\u041f\u0430"}, {"name": "gas_pressure02:00", "type": "number", "units": "\u041f\u0430"}, {"name": "gas_pressure03:00", "type": "number", "units": "\u041f\u0430"}, {"name": "gas_pressure04:00", "type": "number", "units": "\u041f\u0430"}, {"name": "gas_pressure05:00", "type": "number", "units": "\u041f\u0430"}, {"name": "gas_pressure06:00", "type": "number", "units": "\u041f\u0430"}, {"name": "gas_pressure07:00", "type": "number", "units": "\u041f\u0430"}, {"name": "gas_pressuremismatches", "type": "text"}, {"name": "gas_pressuremeasures", "type": "text"}, {"name": "wastewater20:00", "type": "number", "units": "\u0420h"}, {"name": "wastewater21:00", "type": "number", "units": "\u0420h"}, {"name": "wastewater22:00", "type": "number", "units": "\u0420h"}, {"name": "wastewater23:00", "type": "number", "units": "\u0420h"}, {"name": "wastewater00:00", "type": "number", "units": "\u0420h"}, {"name": "wastewater01:00", "type": "number", "units": "\u0420h"}, {"name": "wastewater02:00", "type": "number", "units": "\u0420h"}, {"name": "wastewater03:00", "type": "number", "units": "\u0420h"}, {"name": "wastewater04:00", "type": "number", "units": "\u0420h"}, {"name": "wastewater05:00", "type": "number", "units": "\u0420h"}, {"name": "wastewater06:00", "type": "number", "units": "\u0420h"}, {"name": "wastewater07:00", "type": "number", "units": "\u0420h"}, {"name": "wastewatermismatches", "type": "text"}, {"name": "wastewatermeasures", "type": "text"}, {"name": "point5_temp20:00", "type": "number", "units": "\u1d52C"}, {"name": "point5_temp21:00", "type": "number", "units": "\u1d52C"}, {"name": "point5_temp22:00", "type": "number", "units": "\u1d52C"}, {"name": "point5_temp23:00", "type": "number", "units": "\u1d52C"}, {"name": "point5_temp00:00", "type": "number", "units": "\u1d52C"}, {"name": "point5_temp01:00", "type": "number", "units": "\u1d52C"}, {"name": "point5_temp02:00", "type": "number", "units": "\u1d52C"}, {"name": "point5_temp03:00", "type": "number", "units": "\u1d52C"}, {"name": "point5_temp04:00", "type": "number", "units": "\u1d52C"}, {"name": "point5_temp05:00", "type": "number", "units": "\u1d52C"}, {"name": "point5_temp06:00", "type": "number", "units": "\u1d52C"}, {"name": "point5_temp07:00", "type": "number", "units": "\u1d52C"}, {"name": "point5_tempmismatches", "type": "text"}, {"name": "point5_tempmeasures", "type": "text"}, {"name": "point6_temp20:00", "type": "number", "units": "\u1d52C"}, {"name": "point6_temp21:00", "type": "number", "units": "\u1d52C"}, {"name": "point6_temp22:00", "type": "number", "units": "\u1d52C"}, {"name": "point6_temp23:00", "type": "number", "units": "\u1d52C"}, {"name": "point6_temp00:00", "type": "number", "units": "\u1d52C"}, {"name": "point6_temp01:00", "type": "number", "units": "\u1d52C"}, {"name": "point6_temp02:00", "type": "number", "units": "\u1d52C"}, {"name": "point6_temp03:00", "type": "number", "units": "\u1d52C"}, {"name": "point6_temp04:00", "type": "number", "units": "\u1d52C"}, {"name": "point6_temp05:00", "type": "number", "units": "\u1d52C"}, {"name": "point6_temp06:00", "type": "number", "units": "\u1d52C"}, {"name": "point6_temp07:00", "type": "number", "units": "\u1d52C"}, {"name": "point6_tempmismatches", "type": "text"}, {"name": "point6_tempmeasures", "type": "text"}, {"name": "point7_temp20:00", "type": "number", "units": "\u1d52C"}, {"name": "point7_temp21:00", "type": "number", "units": "\u1d52C"}, {"name": "point7_temp22:00", "type": "number", "units": "\u1d52C"}, {"name": "point7_temp23:00", "type": "number", "units": "\u1d52C"}, {"name": "point7_temp00:00", "type": "number", "units": "\u1d52C"}, {"name": "point7_temp01:00", "type": "number", "units": "\u1d52C"}, {"name": "point7_temp02:00", "type": "number", "units": "\u1d52C"}, {"name": "point7_temp03:00", "type": "number", "units": "\u1d52C"}, {"name": "point7_temp04:00", "type": "number", "units": "\u1d52C"}, {"name": "point7_temp05:00", "type": "number", "units": "\u1d52C"}, {"name": "point7_temp06:00", "type": "number", "units": "\u1d52C"}, {"name": "point7_temp07:00", "type": "number", "units": "\u1d52C"}, {"name": "point7_tempmismatches", "type": "text"}, {"name": "point7_tempmeasures", "type": "text"}]}, {"name": "right", "title": "", "fields": [{"name": "h2so4", "type": "text"}, {"name": "zn", "type": "number", "units": "\u0433/\u043b"}, {"name": "viu_in", "type": "number", "units": ""}, {"name": "viu1_1", "type": "number", "units": "\u043c\u00b3"}, {"name": "viu1_2", "type": "number", "units": "\u043c\u00b3"}, {"name": "viu2_1", "type": "number", "units": "\u043c\u00b3"}, {"name": "viu2_2", "type": "number", "units": "\u043c\u00b3"}, {"name": "viu3_1", "type": "number", "units": "\u043c\u00b3"}, {"name": "viu3_2", "type": "number", "units": "\u043c\u00b3"}, {"name": "tank3", "type": "number", "units": ""}, {"name": "tank4", "type": "number", "units": ""}, {"name": "tank5", "type": "number", "units": ""}, {"name": "tank4A", "type": "number", "units": ""}, {"name": "cu1", "type": "number", "units": "\u043c\u0433/\u043b"}, {"name": "co1", "type": "number", "units": "\u043c\u0433/\u043b"}, {"name": "cd1", "type": "number", "units": "\u043c\u0433/\u043b"}, {"name": "sb1", "type": "number", "units": "\u043c\u0433/\u043b"}, {"name": "fe2p1", "type": "number", "units": "\u043c\u0433/\u043b"}, {"name": "bt1", "type": "number", "units": "%"}, {"name": "weight1_1", "type": "number", "units": "\u0433/\u0441\u043c\u00b3"}, {"name": "weight2_1", "type": "number", "units": "\u0433/\u0441\u043c\u00b3"}, {"name": "pumpnum1", "type": "number", "units": "\u2116"}, {"name": "pumpnum2", "type": "number", "units": "\u2116"}, {"name": "pumpnum3", "type": "number", "units": "\u2116"}, {"name": "pumpnum4", "type": "number", "units": "\u2116"}, {"name": "pumpnum5", "type": "number", "units": "\u2116"}, {"name": "pumpnum6", "type": "number", "units": "\u2116"}, {"name": "pumpnum7", "type": "number", "units": "\u2116"}, {"name": "pumpnum8", "type": "number", "units": "\u2116"}, {"name": "reason1", "type": "text"}, {"name": "tank_analisys", "type": "number", "units": "\u2116"}, {"name": "cu2", "type": "number", "units": "\u043c\u0433/\u043b"}, {"name": "co2", "type": "number", "units": "\u043c\u0433/\u043b"}, {"name": "cd2", "type": "number", "units": "\u043c\u0433/\u043b"}, {"name": "sb2", "type": "number", "units": "\u043c\u0433/\u043b"}, {"name": "fe2p2", "type": "number", "units": "\u043c\u0433/\u043b"}, {"name": "weight1_2", "type": "number", "units": "\u0433/\u0441\u043c\u00b3"}, {"name": "pumpnum9", "type": "number", "units": "\u2116"}, {"name": "pumpnum10", "type": "number", "units": "\u2116"}, {"name": "pumpnum11", "type": "number", "units": "\u2116"}, {"name": "pumpnum12", "type": "number", "units": "\u2116"}, {"name": "reason2", "type": "text"}, {"name": "pumpnum13", "type": "number", "units": "\u2116"}, {"name": "pumpnum14", "type": "number", "units": "\u2116"}, {"name": "pumpnum15", "type": "number", "units": "\u2116"}, {"name": "pumpnum16", "type": "number", "units": "\u2116"}, {"name": "pumpnum17", "type": "number", "units": "\u2116"}, {"name": "pumpnum18", "type": "number", "units": "\u2116"}, {"name": "reason3", "type": "text"}, {"name": "zump_pump", "type": "number", "units": "\u2116"}, {"name": "reason4", "type": "text"}]}]}