{"version": "0.1", "name": "furnace_changed_fraction", "title": "\u0420\u0430\u0431\u043e\u0447\u0438\u0439 \u0436\u0443\u0440\u043d\u0430\u043b \u0438\u0437\u043c\u0435\u043d\u0435\u043d\u0438\u044f \u0444\u0440\u0430\u043a\u0446\u0438\u0438", "type": "shift", "tables": [{"name": "main", "title": "", "fields": [{"name": "date_start", "type": "date"}, {"name": "shift_number", "type": "number", "units": "\u2116"}, {"name": "massa_fur", "type": "number", "units": "\u0433"}, {"name": "massa_sit", "type": "number", "units": "\u0433"}, {"name": "fraction", "type": "number", "units": "%"}, {"name": "executer", "type": "text"}]}]}