{"version": "0.1", "name": "concentrate_report", "title": "\u0416\u0443\u0440\u043d\u0430\u043b \u0440\u0430\u043f\u043e\u0440\u0442\u043e\u0432 \u043e \u043f\u0440\u043e\u0434\u0435\u043b\u0430\u043d\u043d\u043e\u0439 \u0440\u0430\u0431\u043e\u0442\u0435 \u043f\u043e \u0441\u043a\u043b\u0430\u0434\u0430\u043c \u043a\u043e\u043d\u0446\u0435\u043d\u0442\u0440\u0430\u0442\u043e\u0432", "type": "shift", "tables": [{"name": "big", "title": "", "fields": [{"name": "wagon_num", "type": "number", "units": "\u2116"}, {"name": "conc_num", "type": "datalist", "options": ["\u0417\u0413\u041e\u041a", "\u0410\u0440\u0442-\u0438\u0439", "\u0423\u0441\u0442\u044c-\u0422\u0410\u041b", "\u041a\u0430\u0440\u0430\u0433\u0430\u0439\u043b\u044b", "\u0412\u0435\u0440\u0445-\u0411\u0435\u0440", "\u0411\u0435\u043b\u043e\u0443\u0441\u043e\u0432\u043a\u0430", "\u0416\u0435\u0437\u043a\u0435\u043d\u0442", "\u041d.\u0428\u0438\u0440\u043e\u043a\u0438\u043d\u0441\u043a\u0438\u0439", "\u041b\u0435\u0441\u043e\u0441\u0438\u0431", "\u0410\u043b\u0442\u044b\u043d-\u0422\u043e\u043f\u043a\u0430\u043d"]}, {"name": "supply_time", "type": "time"}, {"name": "plan_cleaning_time", "type": "time"}, {"name": "fact_cleaning_time", "type": "time"}, {"name": "downtime", "type": "number", "units": ""}, {"name": "recieved_conc", "type": "number", "units": "\u0448\u0442"}, {"name": "recieved_beds", "type": "number", "units": "\u0448\u0442"}, {"name": "recieved_stops", "type": "number", "units": "\u0448\u0442"}, {"name": "recieved_braces", "type": "number", "units": "\u0448\u0442"}]}, {"name": "small", "title": "", "fields": [{"name": "storage1", "type": "text"}, {"name": "containers_reciept1", "type": "number", "units": "\u0448\u0442"}, {"name": "shipped_empty_num1", "type": "number", "units": "\u0448\u0442"}, {"name": "poured_containers_num1", "type": "number", "units": "\u0448\u0442"}, {"name": "residue_empty_containers11", "type": "number", "units": "\u0448\u0442"}, {"name": "residue_empty_containers21", "type": "number", "units": "\u0448\u0442"}, {"name": "residue_defective_containers1", "type": "number", "units": "\u0448\u0442"}, {"name": "residue_braces1", "type": "number", "units": "\u0448\u0442"}, {"name": "residue_beds1", "type": "number", "units": "\u0448\u0442"}, {"name": "residue_stops1", "type": "number", "units": "\u0448\u0442"}, {"name": "storage2", "type": "text"}, {"name": "containers_reciept2", "type": "number", "units": "\u0448\u0442"}, {"name": "shipped_empty_num2", "type": "number", "units": "\u0448\u0442"}, {"name": "poured_containers_num2", "type": "number", "units": "\u0448\u0442"}, {"name": "residue_empty_containers12", "type": "number", "units": "\u0448\u0442"}, {"name": "residue_empty_containers22", "type": "number", "units": "\u0448\u0442"}, {"name": "residue_defective_containers2", "type": "number", "units": "\u0448\u0442"}, {"name": "residue_braces2", "type": "number", "units": "\u0448\u0442"}, {"name": "residue_beds2", "type": "number", "units": "\u0448\u0442"}, {"name": "residue_stops2", "type": "number", "units": "\u0448\u0442"}, {"name": "storage_total", "type": "text"}, {"name": "containers_reciept_total", "type": "number", "units": "\u0448\u0442"}, {"name": "shipped_empty_num_total", "type": "number", "units": "\u0448\u0442"}, {"name": "poured_containers_num_total", "type": "number", "units": "\u0448\u0442"}, {"name": "residue_empty_containers1_total", "type": "number", "units": "\u0448\u0442"}, {"name": "residue_empty_containers2_total", "type": "number", "units": "\u0448\u0442"}, {"name": "residue_defective_containers_total", "type": "number", "units": "\u0448\u0442"}, {"name": "residue_braces_total", "type": "number", "units": "\u0448\u0442"}, {"name": "residue_beds_total", "type": "number", "units": "\u0448\u0442"}, {"name": "residue_stops_total", "type": "number", "units": "\u0448\u0442"}]}, {"name": "upper", "title": "", "fields": [{"name": "master", "type": "text"}, {"name": "senior_crane_operator", "type": "text"}, {"name": "storage", "type": "text"}, {"name": "crane_operator", "type": "text"}, {"name": "sling_operator", "type": "text"}, {"name": "date", "type": "date"}, {"name": "shift", "type": "text"}]}]}