{"version": "0.1", "name": "metals_compute", "title": "\u0420\u0430\u0441\u0441\u0447\u0451\u0442 \u043c\u0435\u0442\u0430\u043b\u043b\u043e\u0432", "tables": [{"name": "main", "title": "\u0421\u0440\u0435\u0434\u043d\u0435\u0435 \u0441\u043e\u0434\u0435\u0440\u0436\u0430\u043d\u0438\u0435 \u0437\u0430 \u043c\u0435\u0441\u044f\u0446", "fields": [{"name": "pb", "type": "number", "units": "%"}, {"name": "cu", "type": "number", "units": "%"}, {"name": "cd", "type": "number", "units": "%"}, {"name": "fe1", "type": "number", "units": "%"}, {"name": "SiO2", "type": "number", "units": "%"}, {"name": "Zn_furn", "type": "number", "units": "%"}, {"name": "Pb2", "type": "number", "units": "%"}, {"name": "Pb3", "type": "number", "units": "%"}, {"name": "Pb4", "type": "number", "units": "%"}, {"name": "Pb5", "type": "number", "units": "%"}, {"name": "Cu2", "type": "number", "units": "%"}, {"name": "Cd2", "type": "number", "units": "%"}, {"name": "fe2", "type": "number", "units": "%"}, {"name": "S", "type": "number", "units": "%"}, {"name": "As", "type": "number", "units": "%"}, {"name": "Sb", "type": "number", "units": "%"}, {"name": "S_sulf", "type": "number", "units": "%"}, {"name": "vmt", "type": "number", "units": "\u0412\u041c\u0422"}, {"name": "cmt", "type": "number", "units": "\u0421\u041c\u0422"}, {"name": "zn_end", "type": "number", "units": "\u0442\u043e\u043d\u043d"}]}, {"name": "sns", "title": "\u0421\u041d\u0421", "fields": [{"name": "caption", "type": "datalist", "options": ["\u0417\u0413\u041e\u041a", "\u0410\u0440\u0442-\u0438\u0439", "\u0423\u0441\u0442\u044c-\u0422\u0410\u041b", "\u041a\u0430\u0440\u0430\u0433\u0430\u0439\u043b\u044b", "\u0412\u0435\u0440\u0445-\u0411\u0435\u0440", "\u0411\u0435\u043b\u043e\u0443\u0441\u043e\u0432\u043a\u0430", "\u0416\u0435\u0437\u043a\u0435\u043d\u0442", "\u041d.\u0428\u0438\u0440\u043e\u043a\u0438\u043d\u0441\u043a\u0438\u0439", "\u041b\u0435\u0441\u043e\u0441\u0438\u0431", "\u0410\u043b\u0442\u044b\u043d-\u0422\u043e\u043f\u043a\u0430\u043d"]}, {"name": "cmt", "type": "number", "units": "\u0421\u041c\u0422"}, {"name": "znp", "type": "number", "units": "%"}, {"name": "Pb_", "type": "number", "units": "%"}, {"name": "Cu_", "type": "number", "units": "%"}, {"name": "Cd_", "type": "number", "units": "%"}, {"name": "SodZn", "type": "number", "units": "\u0442\u043e\u043d\u043d"}, {"name": "SodPb", "type": "number", "units": "\u0442\u043e\u043d\u043d"}, {"name": "SodCu", "type": "number", "units": "\u0442\u043e\u043d\u043d"}, {"name": "SodCd", "type": "number", "units": "\u0442\u043e\u043d\u043d"}, {"name": "Au", "type": "number", "units": "\u0433/\u0442"}, {"name": "Ag", "type": "number", "units": "\u0433/\u0442"}]}, {"name": "sgok", "title": "\u0421\u0413\u041e\u041a \u0442\u0430\u0431\u043b\u0438\u0446\u0430", "fields": [{"name": "zgok", "type": "number", "units": "\u0412\u041c\u0422"}, {"name": "art-iy", "type": "number", "units": "\u0412\u041c\u0422"}, {"name": "ust-tal", "type": "number", "units": "\u0412\u041c\u0422"}, {"name": "karagayls", "type": "number", "units": "\u0412\u041c\u0422"}, {"name": "verh-ber", "type": "number", "units": "\u0412\u041c\u0422"}, {"name": "belousovka", "type": "number", "units": "\u0412\u041c\u0422"}, {"name": "Jezkent", "type": "number", "units": "\u0412\u041c\u0422"}, {"name": "er-tay", "type": "number", "units": "\u0412\u041c\u0422"}, {"name": "NShirokinskiy", "type": "number", "units": "\u0412\u041c\u0422"}, {"name": "lesosib", "type": "number", "units": "\u0412\u041c\u0422"}, {"name": "altyn-topkan", "type": "number", "units": "\u0412\u041c\u0422"}, {"name": "itogo_vmt", "type": "number", "units": "\u0412\u041c\u0422"}, {"name": "itogo_smt", "type": "number", "units": "\u0421\u041c\u0422"}, {"name": "vydano_ogarka", "type": "number", "units": "\u0412\u041c\u0422"}, {"name": "poteri", "type": "number", "units": "\u0412\u041c\u0422"}, {"name": "ogarka_peredano", "type": "number", "units": "\u0412\u041c\u0422"}, {"name": "ceh", "type": "number", "units": "\u0412\u041c\u0422"}, {"name": "Lenta", "type": "number", "units": "\u0412\u041c\u0422"}, {"name": "poterya", "type": "number", "units": "\u0412\u041c\u0422"}, {"name": "lenta_itogo", "type": "number", "units": "\u0412\u041c\u0422"}, {"name": "deviation", "type": "text"}]}, {"name": "gof", "title": "\u0413\u041e\u0424 \u0442\u0430\u0431\u043b\u0438\u0446\u0430", "fields": [{"name": "vmt", "type": "number", "units": "\u0412\u041c\u0422"}, {"name": "cmt", "type": "number", "units": "\u0421\u041c\u0422"}, {"name": "zinc", "type": "number", "units": "\u0442\u043e\u043d\u043d"}, {"name": "cmt2", "type": "number", "units": "\u0421\u041c\u0422"}, {"name": "zinc2", "type": "number", "units": "\u0442\u043e\u043d\u043d"}, {"name": "cmt3", "type": "number", "units": "\u0421\u041c\u0422"}, {"name": "zinc3", "type": "number", "units": "\u0442\u043e\u043d\u043d"}, {"name": "cmt4", "type": "number", "units": "\u0421\u041c\u0422"}, {"name": "zinc4", "type": "number", "units": "\u0442\u043e\u043d\u043d"}, {"name": "cmt5", "type": "number", "units": "\u0421\u041c\u0422"}, {"name": "zinc5", "type": "number", "units": "\u0442\u043e\u043d\u043d"}, {"name": "cmt6", "type": "number", "units": "\u0421\u041c\u0422"}, {"name": "zinc6", "type": "number", "units": "\u0442\u043e\u043d\u043d"}, {"name": "cmt7", "type": "number", "units": "\u0421\u041c\u0422"}, {"name": "zinc7", "type": "number", "units": "\u0442\u043e\u043d\u043d"}, {"name": "cmt8", "type": "number", "units": "\u0421\u041c\u0422"}, {"name": "zinc8", "type": "number", "units": "\u0442\u043e\u043d\u043d"}, {"name": "remainder_date", "type": "date"}, {"name": "remainder_date_guild", "type": "date"}, {"name": "remainder_date_Kusmanov", "type": "date"}, {"name": "discrepancy_date", "type": "date"}]}, {"name": "avg_month", "title": "\u0421\u0440\u0435\u0434\u043d\u0435\u0435 \u0441\u043e\u0434\u0435\u0440\u0436\u0430\u043d\u0438\u0435 \u0437\u0430 \u043c\u0435\u0441\u044f\u0446", "fields": [{"name": "moisture", "type": "number", "units": ""}, {"name": "issued", "type": "number", "units": ""}, {"name": "SMT", "type": "number", "units": ""}, {"name": "cinder", "type": "number", "units": ""}, {"name": "Zn_conc", "type": "number", "units": ""}, {"name": "Pb", "type": "number", "units": ""}, {"name": "Cu", "type": "number", "units": ""}, {"name": "Cd", "type": "number", "units": ""}, {"name": "Fe", "type": "number", "units": ""}, {"name": "SiO2", "type": "number", "units": ""}, {"name": "Zn_cinder", "type": "number", "units": ""}, {"name": "Znk", "type": "number", "units": ""}, {"name": "Znb", "type": "number", "units": ""}, {"name": "Pb2", "type": "number", "units": ""}, {"name": "Cu2", "type": "number", "units": ""}, {"name": "Cd2", "type": "number", "units": ""}, {"name": "Fe2", "type": "number", "units": ""}, {"name": "SiO2_2", "type": "number", "units": ""}, {"name": "S", "type": "number", "units": ""}, {"name": "As", "type": "number", "units": ""}, {"name": "Sb", "type": "number", "units": ""}, {"name": "S_sulf", "type": "number", "units": ""}]}, {"name": "cinder_conc", "title": "\u041e\u0433\u0430\u0440\u043e\u043a", "fields": [{"name": "date_cinder", "type": "date"}, {"name": "gold", "type": "number", "units": ""}, {"name": "silver", "type": "number", "units": ""}]}, {"name": "concentrat", "title": "\u041a\u043e\u043d\u0446\u0435\u043d\u0442\u0440\u0430\u0442", "fields": [{"name": "date_conc", "type": "date"}, {"name": "gold", "type": "number", "units": ""}, {"name": "silver", "type": "number", "units": ""}]}, {"name": "contain_zn", "title": "\u0421\u043e\u0434\u0435\u0440\u0436\u0430\u043d\u0438\u0435 \u0432", "fields": [{"name": "Zn_con", "type": "number", "units": "\u0442\u043e\u043d\u043d"}, {"name": "Pb_con", "type": "number", "units": "\u0442\u043e\u043d\u043d"}, {"name": "Cu_con", "type": "number", "units": "\u0442\u043e\u043d\u043d"}, {"name": "Cd_con", "type": "number", "units": "\u0442\u043e\u043d\u043d"}, {"name": "Au_con", "type": "number", "units": "\u0433/\u0442"}, {"name": "Ag_con", "type": "number", "units": "\u0433/\u0442"}]}]}