{"version": "0.1", "name": "electrolysis_technical_report_3_degree", "title": "\u0422\u0435\u0445\u043d\u043e\u043b\u043e\u0433\u0438\u0447\u0435\u0441\u043a\u0438\u0439 \u0436\u0443\u0440\u043d\u0430\u043b \u044d\u043b\u0435\u043a\u0442\u0440\u043e\u043b\u0438\u0437\u0430 3-\u0439 \u0441\u0435\u0440\u0438\u0438", "tables": [{"name": "left", "title": "\u0412\u0440\u0435\u043c\u044f \u0437\u0430\u043c\u0435\u0440\u043e\u0432 \u0438 \u0440\u0430\u0431\u043e\u0442\u0430 \u043e\u0431\u043e\u0440\u0443\u0434\u043e\u0432\u0430\u043d\u0438\u044f", "fields": [{"name": "row_names"}, {"name": "times"}, {"name": "last_headers"}, {"name": "zn20:00", "type": "number", "units": "\u0433/\u043b"}, {"name": "zn21:00", "type": "number", "units": "\u0433/\u043b"}, {"name": "zn22:00", "type": "number", "units": "\u0433/\u043b"}, {"name": "zn23:00", "type": "number", "units": "\u0433/\u043b"}, {"name": "zn00:00", "type": "number", "units": "\u0433/\u043b"}, {"name": "zn01:00", "type": "number", "units": "\u0433/\u043b"}, {"name": "zn02:00", "type": "number", "units": "\u0433/\u043b"}, {"name": "zn03:00", "type": "number", "units": "\u0433/\u043b"}, {"name": "zn04:00", "type": "number", "units": "\u0433/\u043b"}, {"name": "zn05:00", "type": "number", "units": "\u0433/\u043b"}, {"name": "zn06:00", "type": "number", "units": "\u0433/\u043b"}, {"name": "zn07:00", "type": "number", "units": "\u0433/\u043b"}, {"name": "zninconsistencies", "type": "text"}, {"name": "znmeasures", "type": "text"}, {"name": "zn_mixh2so420:00", "type": "number", "units": "\u0433/\u043b"}, {"name": "zn_mixh2so421:00", "type": "number", "units": "\u0433/\u043b"}, {"name": "zn_mixh2so422:00", "type": "number", "units": "\u0433/\u043b"}, {"name": "zn_mixh2so423:00", "type": "number", "units": "\u0433/\u043b"}, {"name": "zn_mixh2so400:00", "type": "number", "units": "\u0433/\u043b"}, {"name": "zn_mixh2so401:00", "type": "number", "units": "\u0433/\u043b"}, {"name": "zn_mixh2so402:00", "type": "number", "units": "\u0433/\u043b"}, {"name": "zn_mixh2so403:00", "type": "number", "units": "\u0433/\u043b"}, {"name": "zn_mixh2so404:00", "type": "number", "units": "\u0433/\u043b"}, {"name": "zn_mixh2so405:00", "type": "number", "units": "\u0433/\u043b"}, {"name": "zn_mixh2so406:00", "type": "number", "units": "\u0433/\u043b"}, {"name": "zn_mixh2so407:00", "type": "number", "units": "\u0433/\u043b"}, {"name": "zn_mixh2so4inconsistencies", "type": "text"}, {"name": "zn_mixh2so4measures", "type": "text"}, {"name": "solute120:00", "type": "number", "units": "\u0433/\u043b"}, {"name": "solute121:00", "type": "number", "units": "\u0433/\u043b"}, {"name": "solute122:00", "type": "number", "units": "\u0433/\u043b"}, {"name": "solute123:00", "type": "number", "units": "\u0433/\u043b"}, {"name": "solute100:00", "type": "number", "units": "\u0433/\u043b"}, {"name": "solute101:00", "type": "number", "units": "\u0433/\u043b"}, {"name": "solute102:00", "type": "number", "units": "\u0433/\u043b"}, {"name": "solute103:00", "type": "number", "units": "\u0433/\u043b"}, {"name": "solute104:00", "type": "number", "units": "\u0433/\u043b"}, {"name": "solute105:00", "type": "number", "units": "\u0433/\u043b"}, {"name": "solute106:00", "type": "number", "units": "\u0433/\u043b"}, {"name": "solute107:00", "type": "number", "units": "\u0433/\u043b"}, {"name": "solute1inconsistencies", "type": "text"}, {"name": "solute1measures", "type": "text"}, {"name": "solute220:00", "type": "number", "units": "\u0433/\u0441\u043c\u00b3"}, {"name": "solute221:00", "type": "number", "units": "\u0433/\u0441\u043c\u00b3"}, {"name": "solute222:00", "type": "number", "units": "\u0433/\u0441\u043c\u00b3"}, {"name": "solute223:00", "type": "number", "units": "\u0433/\u0441\u043c\u00b3"}, {"name": "solute200:00", "type": "number", "units": "\u0433/\u0441\u043c\u00b3"}, {"name": "solute201:00", "type": "number", "units": "\u0433/\u0441\u043c\u00b3"}, {"name": "solute202:00", "type": "number", "units": "\u0433/\u0441\u043c\u00b3"}, {"name": "solute203:00", "type": "number", "units": "\u0433/\u0441\u043c\u00b3"}, {"name": "solute204:00", "type": "number", "units": "\u0433/\u0441\u043c\u00b3"}, {"name": "solute205:00", "type": "number", "units": "\u0433/\u0441\u043c\u00b3"}, {"name": "solute206:00", "type": "number", "units": "\u0433/\u0441\u043c\u00b3"}, {"name": "solute207:00", "type": "number", "units": "\u0433/\u0441\u043c\u00b3"}, {"name": "solute2inconsistencies", "type": "text"}, {"name": "solute2measures", "type": "text"}, {"name": "mixture_temp20:00", "type": "number", "units": "\u0433/\u0441\u043c\u00b3"}, {"name": "mixture_temp21:00", "type": "number", "units": "\u0433/\u0441\u043c\u00b3"}, {"name": "mixture_temp22:00", "type": "number", "units": "\u0433/\u0441\u043c\u00b3"}, {"name": "mixture_temp23:00", "type": "number", "units": "\u0433/\u0441\u043c\u00b3"}, {"name": "mixture_temp00:00", "type": "number", "units": "\u0433/\u0441\u043c\u00b3"}, {"name": "mixture_temp01:00", "type": "number", "units": "\u0433/\u0441\u043c\u00b3"}, {"name": "mixture_temp02:00", "type": "number", "units": "\u0433/\u0441\u043c\u00b3"}, {"name": "mixture_temp03:00", "type": "number", "units": "\u0433/\u0441\u043c\u00b3"}, {"name": "mixture_temp04:00", "type": "number", "units": "\u0433/\u0441\u043c\u00b3"}, {"name": "mixture_temp05:00", "type": "number", "units": "\u0433/\u0441\u043c\u00b3"}, {"name": "mixture_temp06:00", "type": "number", "units": "\u0433/\u0441\u043c\u00b3"}, {"name": "mixture_temp07:00", "type": "number", "units": "\u0433/\u0441\u043c\u00b3"}, {"name": "mixture_tempinconsistencies", "type": "text"}, {"name": "mixture_tempmeasures", "type": "text"}, {"name": "bath_temp20:00", "type": "number", "units": "\u1d52C"}, {"name": "bath_temp21:00", "type": "number", "units": "\u1d52C"}, {"name": "bath_temp22:00", "type": "number", "units": "\u1d52C"}, {"name": "bath_temp23:00", "type": "number", "units": "\u1d52C"}, {"name": "bath_temp00:00", "type": "number", "units": "\u1d52C"}, {"name": "bath_temp01:00", "type": "number", "units": "\u1d52C"}, {"name": "bath_temp02:00", "type": "number", "units": "\u1d52C"}, {"name": "bath_temp03:00", "type": "number", "units": "\u1d52C"}, {"name": "bath_temp04:00", "type": "number", "units": "\u1d52C"}, {"name": "bath_temp05:00", "type": "number", "units": "\u1d52C"}, {"name": "bath_temp06:00", "type": "number", "units": "\u1d52C"}, {"name": "bath_temp07:00", "type": "number", "units": "\u1d52C"}, {"name": "bath_tempinconsistencies", "type": "text"}, {"name": "bath_tempmeasures", "type": "text"}, {"name": "temp120:00", "type": "number", "units": "\u1d52C"}, {"name": "temp121:00", "type": "number", "units": "\u1d52C"}, {"name": "temp122:00", "type": "number", "units": "\u1d52C"}, {"name": "temp123:00", "type": "number", "units": "\u1d52C"}, {"name": "temp100:00", "type": "number", "units": "\u1d52C"}, {"name": "temp101:00", "type": "number", "units": "\u1d52C"}, {"name": "temp102:00", "type": "number", "units": "\u1d52C"}, {"name": "temp103:00", "type": "number", "units": "\u1d52C"}, {"name": "temp104:00", "type": "number", "units": "\u1d52C"}, {"name": "temp105:00", "type": "number", "units": "\u1d52C"}, {"name": "temp106:00", "type": "number", "units": "\u1d52C"}, {"name": "temp107:00", "type": "number", "units": "\u1d52C"}, {"name": "temp1inconsistencies", "type": "text"}, {"name": "temp1measures", "type": "text"}, {"name": "temp220:00", "type": "number", "units": "\u1d52C"}, {"name": "temp221:00", "type": "number", "units": "\u1d52C"}, {"name": "temp222:00", "type": "number", "units": "\u1d52C"}, {"name": "temp223:00", "type": "number", "units": "\u1d52C"}, {"name": "temp200:00", "type": "number", "units": "\u1d52C"}, {"name": "temp201:00", "type": "number", "units": "\u1d52C"}, {"name": "temp202:00", "type": "number", "units": "\u1d52C"}, {"name": "temp203:00", "type": "number", "units": "\u1d52C"}, {"name": "temp204:00", "type": "number", "units": "\u1d52C"}, {"name": "temp205:00", "type": "number", "units": "\u1d52C"}, {"name": "temp206:00", "type": "number", "units": "\u1d52C"}, {"name": "temp207:00", "type": "number", "units": "\u1d52C"}, {"name": "temp2inconsistencies", "type": "text"}, {"name": "temp2measures", "type": "text"}]}, {"name": "right", "title": "\u0422\u0435\u0445\u043d\u043e\u043b\u043e\u0433\u0438\u0447\u0435\u0441\u043a\u0438\u0439 \u0440\u0435\u0436\u0438\u043c, \u041f\u0410\u0412 \u0438 \u043a\u0440\u0438\u0441\u0442\u0430\u043b\u043b\u0438\u0437\u0430\u0442\u043e\u0440\u044b", "fields": [{"name": "h2so4", "type": "text"}, {"name": "zn", "type": "number", "units": "\u0433/\u043b"}, {"name": "grad1_1", "type": "number", "units": ""}, {"name": "grad1_2", "type": "number", "units": ""}, {"name": "grad2_1", "type": "number", "units": ""}, {"name": "grad2_2", "type": "number", "units": ""}, {"name": "tank1_1", "type": "number", "units": ""}, {"name": "tank1_2", "type": "number", "units": ""}, {"name": "tank2_1", "type": "number", "units": ""}, {"name": "tank2_2", "type": "number", "units": ""}, {"name": "cons1", "type": "number", "units": ""}, {"name": "cons2", "type": "number", "units": ""}, {"name": "znk", "type": "number", "units": "\u0442\u043e\u043d\u043d"}, {"name": "cu1", "type": "number", "units": "\u043c\u0433/\u043b"}, {"name": "co1", "type": "number", "units": "\u043c\u0433/\u043b"}, {"name": "cd1", "type": "number", "units": "\u043c\u0433/\u043b"}, {"name": "sb1", "type": "number", "units": "\u043c\u0433/\u043b"}, {"name": "fe2p1", "type": "number", "units": "\u043c\u0433/\u043b"}, {"name": "bt1", "type": "number", "units": "%"}, {"name": "weight1_1", "type": "number", "units": "\u0433/\u0441\u043c\u00b3"}, {"name": "weight2_1", "type": "number", "units": "\u0433/\u0441\u043c\u00b3"}, {"name": "pumpnum1", "type": "number", "units": "\u2116"}, {"name": "pumpnum2", "type": "number", "units": "\u2116"}, {"name": "pumpnum3", "type": "number", "units": "\u2116"}, {"name": "pumpnum4", "type": "number", "units": "\u2116"}, {"name": "pumpnum5", "type": "number", "units": "\u2116"}, {"name": "pumpnum6", "type": "number", "units": "\u2116"}, {"name": "pumpnum7", "type": "number", "units": "\u2116"}, {"name": "pumpnum8", "type": "number", "units": "\u2116"}, {"name": "pumpnum9", "type": "number", "units": "\u2116"}, {"name": "pumpnum10", "type": "number", "units": "\u2116"}, {"name": "pumpnum11", "type": "number", "units": "\u2116"}, {"name": "pumpnum12", "type": "number", "units": "\u2116"}, {"name": "zumppumpnum", "type": "number", "units": "\u2116"}, {"name": "shampoopumpnum1", "type": "number", "units": "\u2116"}, {"name": "shampoopumpnum2", "type": "number", "units": "\u2116"}, {"name": "shampoopumpnum3", "type": "number", "units": "\u2116"}, {"name": "reason1", "type": "text"}, {"name": "reason2", "type": "text"}]}]}