{"version": "0.1", "name": "masters_report", "title": "\u0416\u0443\u0440\u043d\u0430\u043b \u0440\u0430\u043f\u043e\u0440\u0442\u043e\u0432 \u043c\u0430\u0441\u0442\u0435\u0440\u043e\u0432 \u0441\u043c\u0435\u043d", "tables": [{"name": "seria1", "title": "1-\u044f 2-\u044f \u0441\u0435\u0440\u0438\u044f", "fields": [{"name": "h2so4_fact", "type": "number", "units": ""}, {"name": "zn_fact", "type": "number", "units": ""}, {"name": "t_sm_fact", "type": "number", "units": "\u1d52C"}, {"name": "q_fact", "type": "number", "units": ""}, {"name": "h2so4_nesootv", "type": "number", "units": ""}, {"name": "zn_nesootv", "type": "number", "units": ""}, {"name": "t_sm_nesootv", "type": "number", "units": "\u1d52C"}, {"name": "q_nesootv", "type": "number", "units": ""}, {"name": "h2so4_mery", "type": "text"}, {"name": "zn_mery", "type": "text"}, {"name": "t_sm_mery", "type": "number", "units": ""}, {"name": "q_mery", "type": "text"}, {"name": "h2so4_rosp", "type": "text"}, {"name": "zn_rosp", "type": "text"}, {"name": "t_sm_rosp", "type": "number", "units": ""}, {"name": "q_rosp", "type": "text"}, {"name": "gradirni", "type": "text"}, {"name": "cooler1", "type": "number", "units": "\u2116"}, {"name": "cooler2", "type": "number", "units": "\u2116"}, {"name": "cooler3", "type": "number", "units": "\u2116"}, {"name": "cooler4", "type": "number", "units": "\u2116"}, {"name": "cooler5", "type": "number", "units": "\u2116"}, {"name": "cooler6", "type": "number", "units": "\u2116"}, {"name": "cooler7", "type": "number", "units": "\u2116"}, {"name": "cooler8", "type": "number", "units": "\u2116"}, {"name": "t_otr_fact", "type": "number", "units": "\u1d52C"}, {"name": "t_otr_nesootv", "type": "number", "units": "\u1d52C"}, {"name": "t_otr_mery", "type": "number", "units": ""}, {"name": "t_otr_rosp", "type": "number", "units": ""}, {"name": "cu", "type": "number", "units": "\u043c\u0433/\u043b"}, {"name": "co", "type": "number", "units": "\u043c\u0433/\u043b"}, {"name": "sb", "type": "number", "units": "\u043c\u0433/\u043b"}, {"name": "fe", "type": "number", "units": "\u043c\u0433/\u043b"}, {"name": "cd", "type": "number", "units": "\u043c\u0433/\u043b"}, {"name": "t_n", "type": "number", "units": "\u1d52C"}, {"name": "t_gr", "type": "number", "units": "\u1d52C"}, {"name": "V1", "type": "number", "units": "\u043c\u00b3"}, {"name": "V2", "type": "number", "units": "\u043c\u00b3"}, {"name": "V3", "type": "number", "units": "\u043c\u00b3"}, {"name": "V4", "type": "number", "units": "\u043c\u00b3"}, {"name": "V5", "type": "number", "units": "\u043c\u00b3"}, {"name": "V6", "type": "number", "units": "\u043c\u00b3"}, {"name": "V6_otr", "type": "number", "units": "\u043c\u00b3"}, {"name": "VII", "type": "number", "units": "\u043c\u00b3"}]}, {"name": "seria3", "title": "3-\u044f \u0441\u0435\u0440\u0438\u044f", "fields": [{"name": "h2so4_fact", "type": "number", "units": ""}, {"name": "zn_fact", "type": "number", "units": ""}, {"name": "t_sm_fact", "type": "number", "units": "\u1d52C"}, {"name": "q_fact", "type": "number", "units": ""}, {"name": "h2so4_nesootv", "type": "number", "units": ""}, {"name": "zn_nesootv", "type": "number", "units": ""}, {"name": "t_sm_nesootv", "type": "number", "units": "\u1d52C"}, {"name": "q_nesootv", "type": "number", "units": ""}, {"name": "h2so4_mery", "type": "text"}, {"name": "zn_mery", "type": "text"}, {"name": "t_sm_mery", "type": "number", "units": ""}, {"name": "q_mery", "type": "text"}, {"name": "h2so4_rosp", "type": "text"}, {"name": "zn_rosp", "type": "text"}, {"name": "t_sm_rosp", "type": "number", "units": ""}, {"name": "q_rosp", "type": "text"}, {"name": "gradirni", "type": "text"}, {"name": "cooler1", "type": "number", "units": "\u2116"}, {"name": "cooler2", "type": "number", "units": "\u2116"}, {"name": "cooler3", "type": "number", "units": "\u2116"}, {"name": "cooler4", "type": "number", "units": "\u2116"}, {"name": "cooler5", "type": "number", "units": "\u2116"}, {"name": "cooler6", "type": "number", "units": "\u2116"}, {"name": "cooler7", "type": "number", "units": "\u2116"}, {"name": "cooler8", "type": "number", "units": "\u2116"}, {"name": "t_otr_fact", "type": "number", "units": "\u1d52C"}, {"name": "t_otr_nesootv", "type": "number", "units": "\u1d52C"}, {"name": "t_otr_mery", "type": "number", "units": ""}, {"name": "t_otr_rosp", "type": "number", "units": ""}, {"name": "cu", "type": "number", "units": "\u043c\u0433/\u043b"}, {"name": "co", "type": "number", "units": "\u043c\u0433/\u043b"}, {"name": "sb", "type": "number", "units": "\u043c\u0433/\u043b"}, {"name": "fe", "type": "number", "units": "\u043c\u0433/\u043b"}, {"name": "cd", "type": "number", "units": "\u043c\u0433/\u043b"}, {"name": "t_n", "type": "number", "units": "\u1d52C"}, {"name": "t_gr", "type": "number", "units": "\u1d52C"}, {"name": "V1", "type": "number", "units": "\u043c\u00b3"}, {"name": "V2", "type": "number", "units": "\u043c\u00b3"}, {"name": "V3", "type": "number", "units": "\u043c\u00b3"}, {"name": "V4", "type": "number", "units": "\u043c\u00b3"}, {"name": "V5", "type": "number", "units": "\u043c\u00b3"}, {"name": "V6", "type": "number", "units": "\u043c\u00b3"}, {"name": "V6_otr", "type": "number", "units": "\u043c\u00b3"}, {"name": "VII", "type": "number", "units": "\u043c\u00b3"}]}, {"name": "seria4", "title": "4-\u044f \u0441\u0435\u0440\u0438\u044f", "fields": [{"name": "h2so4_fact", "type": "number", "units": ""}, {"name": "zn_fact", "type": "number", "units": ""}, {"name": "t_sm_fact", "type": "number", "units": "\u1d52C"}, {"name": "q_fact", "type": "number", "units": ""}, {"name": "h2so4_nesootv", "type": "number", "units": ""}, {"name": "zn_nesootv", "type": "number", "units": ""}, {"name": "t_sm_nesootv", "type": "number", "units": "\u1d52C"}, {"name": "q_nesootv", "type": "number", "units": ""}, {"name": "h2so4_mery", "type": "text"}, {"name": "zn_mery", "type": "text"}, {"name": "t_sm_mery", "type": "number", "units": ""}, {"name": "q_mery", "type": "text"}, {"name": "h2so4_rosp", "type": "text"}, {"name": "zn_rosp", "type": "text"}, {"name": "t_sm_rosp", "type": "number", "units": ""}, {"name": "q_rosp", "type": "text"}, {"name": "gradirni", "type": "text"}, {"name": "cooler1", "type": "number", "units": "\u2116"}, {"name": "cooler2", "type": "number", "units": "\u2116"}, {"name": "cooler3", "type": "number", "units": "\u2116"}, {"name": "cooler4", "type": "number", "units": "\u2116"}, {"name": "cooler5", "type": "number", "units": "\u2116"}, {"name": "cooler6", "type": "number", "units": "\u2116"}, {"name": "cooler7", "type": "number", "units": "\u2116"}, {"name": "cooler8", "type": "number", "units": "\u2116"}, {"name": "t_otr_fact", "type": "number", "units": "\u1d52C"}, {"name": "t_otr_nesootv", "type": "number", "units": "\u1d52C"}, {"name": "t_otr_mery", "type": "number", "units": ""}, {"name": "t_otr_rosp", "type": "number", "units": ""}, {"name": "cu", "type": "number", "units": "\u043c\u0433/\u043b"}, {"name": "co", "type": "number", "units": "\u043c\u0433/\u043b"}, {"name": "sb", "type": "number", "units": "\u043c\u0433/\u043b"}, {"name": "fe", "type": "number", "units": "\u043c\u0433/\u043b"}, {"name": "cd", "type": "number", "units": "\u043c\u0433/\u043b"}, {"name": "t_n", "type": "number", "units": "\u1d52C"}, {"name": "t_gr", "type": "number", "units": "\u1d52C"}, {"name": "V1", "type": "number", "units": "\u043c\u00b3"}, {"name": "V2", "type": "number", "units": "\u043c\u00b3"}, {"name": "V3", "type": "number", "units": "\u043c\u00b3"}, {"name": "V4", "type": "number", "units": "\u043c\u00b3"}, {"name": "V5", "type": "number", "units": "\u043c\u00b3"}, {"name": "V6", "type": "number", "units": "\u043c\u00b3"}, {"name": "V6_otr", "type": "number", "units": "\u043c\u00b3"}, {"name": "VII", "type": "number", "units": "\u043c\u00b3"}]}, {"name": "params", "title": "\u041f\u0430\u0440\u0430\u043c\u0435\u0442\u0440\u044b", "fields": [{"name": "percent_Pb", "type": "number", "units": "%"}, {"name": "percent_Cu", "type": "number", "units": "%"}, {"name": "percent_Fe", "type": "number", "units": "%"}, {"name": "percent_Cd", "type": "number", "units": "%"}, {"name": "percent_Al", "type": "number", "units": "%"}, {"name": "percent_Zn", "type": "number", "units": "%"}]}, {"name": "melt_area1", "title": "\u041f\u043b\u0430\u0432\u0438\u043b\u044c\u043d\u044b\u0439 \u0443\u0447\u0430\u0441\u0442\u043e\u043a-1", "fields": [{"name": "col1", "type": "number", "units": ""}, {"name": "col2", "type": "number", "units": ""}, {"name": "col3", "type": "number", "units": ""}, {"name": "col4", "type": "number", "units": ""}, {"name": "col5", "type": "number", "units": ""}, {"name": "col6", "type": "number", "units": ""}, {"name": "desc", "type": "text"}]}, {"name": "melt_area2", "title": "\u041f\u043b\u0430\u0432\u0438\u043b\u044c\u043d\u044b\u0439 \u0443\u0447\u0430\u0441\u0442\u043e\u043a-2", "fields": [{"name": "col1", "type": "number", "units": ""}, {"name": "col2", "type": "number", "units": ""}, {"name": "col3", "type": "number", "units": ""}, {"name": "col4", "type": "number", "units": ""}, {"name": "col5", "type": "number", "units": ""}, {"name": "col6", "type": "number", "units": ""}, {"name": "desc", "type": "text"}, {"name": "dust", "type": "text"}, {"name": "bunkers", "type": "text"}]}, {"name": "zinc", "title": "\u0426\u0438\u043d\u043a \u0442\u043e\u0432\u0430\u0440\u043d\u044b\u0439", "fields": [{"name": "zn1", "type": "number", "units": ""}, {"name": "zn2", "type": "number", "units": ""}, {"name": "zn3", "type": "number", "units": ""}, {"name": "zn4", "type": "number", "units": ""}, {"name": "zn5", "type": "number", "units": ""}, {"name": "zn6", "type": "number", "units": ""}, {"name": "zn8", "type": "number", "units": ""}, {"name": "zn9", "type": "number", "units": ""}, {"name": "zn10", "type": "number", "units": ""}, {"name": "skd1", "type": "number", "units": ""}, {"name": "skd2", "type": "number", "units": ""}, {"name": "skd3", "type": "number", "units": ""}, {"name": "skd4", "type": "number", "units": ""}, {"name": "skd5", "type": "number", "units": ""}, {"name": "skd6", "type": "number", "units": ""}, {"name": "skd7", "type": "number", "units": ""}, {"name": "skd8", "type": "number", "units": ""}, {"name": "sk1", "type": "number", "units": ""}, {"name": "sk2", "type": "number", "units": ""}, {"name": "sk3", "type": "number", "units": ""}, {"name": "sk4", "type": "number", "units": ""}, {"name": "sk5", "type": "number", "units": ""}, {"name": "sk6", "type": "number", "units": ""}, {"name": "sk7", "type": "number", "units": ""}, {"name": "sk8", "type": "number", "units": ""}]}, {"name": "last", "title": "\u041f\u043e\u0441\u043b\u0435\u0434\u043d\u044f\u044f \u0442\u0430\u0431\u043b\u0438\u0446\u0430", "fields": [{"name": "time1", "type": "text"}, {"name": "time2", "type": "text"}, {"name": "time3", "type": "text"}, {"name": "time4", "type": "text"}, {"name": "defence1", "type": "text"}, {"name": "defence2", "type": "text"}, {"name": "defence3", "type": "text"}, {"name": "defence4", "type": "text"}, {"name": "weight1", "type": "text"}, {"name": "passed_fio", "type": "text"}, {"name": "accepted_fio", "type": "text"}, {"name": "weight2", "type": "text"}, {"name": "passed_sing", "type": "text"}]}]}