{"version": "0.1", "name": "electrolysis_repair_report_tables", "title": "\u0416\u0443\u0440\u043d\u0430\u043b \u043f\u043e \u0440\u0435\u043c\u043e\u043d\u0442\u0443 \u043e\u0431\u043e\u0440\u0443\u0434\u043e\u0432\u0430\u043d\u0438\u044f", "type": "shift", "tables": [{"name": "main", "title": "", "fields": [{"name": "date1", "type": "date"}, {"name": "node_name", "type": "text"}, {"name": "date2", "type": "date"}, {"name": "work_done", "type": "text"}, {"name": "texpl_time", "type": "text"}]}]}