{"version": "0.1", "name": "report_income_outcome_schieht", "title": "\u041f\u043e\u0441\u0442\u0443\u043f\u043b\u0435\u043d\u0438\u0435, \u0440\u0430\u0441\u0445\u043e\u0434\u044b \u0438 \u043e\u0441\u0442\u0430\u0442\u043a\u0438 Zn \u043a\u043e\u043d\u0446\u0435\u043d\u0442\u0440\u0430\u0442\u043e\u0432", "tables": [{"name": "main", "title": "", "fields": [{"name": "concentrate__plan__January", "type": "number", "units": ""}, {"name": "zn__plan__January", "type": "number", "units": ""}, {"name": "ratio__plan__January", "type": "number", "units": ""}, {"name": "concentrate__fact__January", "type": "number", "units": ""}, {"name": "zn__fact__January", "type": "number", "units": ""}, {"name": "ratio__fact__January", "type": "number", "units": ""}, {"name": "concentrate__plan__February", "type": "number", "units": ""}, {"name": "zn__plan__February", "type": "number", "units": ""}, {"name": "ratio__plan__February", "type": "number", "units": ""}, {"name": "concentrate__fact__February", "type": "number", "units": ""}, {"name": "zn__fact__February", "type": "number", "units": ""}, {"name": "ratio__fact__February", "type": "number", "units": ""}, {"name": "concentrate__plan__March", "type": "number", "units": ""}, {"name": "zn__plan__March", "type": "number", "units": ""}, {"name": "ratio__plan__March", "type": "number", "units": ""}, {"name": "concentrate__fact__March", "type": "number", "units": ""}, {"name": "zn__fact__March", "type": "number", "units": ""}, {"name": "ratio__fact__March", "type": "number", "units": ""}, {"name": "concentrate__plan__April", "type": "number", "units": ""}, {"name": "zn__plan__April", "type": "number", "units": ""}, {"name": "ratio__plan__April", "type": "number", "units": ""}, {"name": "concentrate__fact__April", "type": "number", "units": ""}, {"name": "zn__fact__April", "type": "number", "units": ""}, {"name": "ratio__fact__April", "type": "number", "units": ""}, {"name": "concentrate__plan__May", "type": "number", "units": ""}, {"name": "zn__plan__May", "type": "number", "units": ""}, {"name": "ratio__plan__May", "type": "number", "units": ""}, {"name": "concentrate__fact__May", "type": "number", "units": ""}, {"name": "zn__fact__May", "type": "number", "units": ""}, {"name": "ratio__fact__May", "type": "number", "units": ""}, {"name": "concentrate__plan__June", "type": "number", "units": ""}, {"name": "zn__plan__June", "type": "number", "units": ""}, {"name": "ratio__plan__June", "type": "number", "units": ""}, {"name": "concentrate__fact__June", "type": "number", "units": ""}, {"name": "zn__fact__June", "type": "number", "units": ""}, {"name": "ratio__fact__June", "type": "number", "units": ""}, {"name": "concentrate__plan__July", "type": "number", "units": ""}, {"name": "zn__plan__July", "type": "number", "units": ""}, {"name": "ratio__plan__July", "type": "number", "units": ""}, {"name": "concentrate__fact__July", "type": "number", "units": ""}, {"name": "zn__fact__July", "type": "number", "units": ""}, {"name": "ratio__fact__July", "type": "number", "units": ""}, {"name": "concentrate__plan__August", "type": "number", "units": ""}, {"name": "zn__plan__August", "type": "number", "units": ""}, {"name": "ratio__plan__August", "type": "number", "units": ""}, {"name": "concentrate__fact__August", "type": "number", "units": ""}, {"name": "zn__fact__August", "type": "number", "units": ""}, {"name": "ratio__fact__August", "type": "number", "units": ""}, {"name": "concentrate__plan__September", "type": "number", "units": ""}, {"name": "zn__plan__September", "type": "number", "units": ""}, {"name": "ratio__plan__September", "type": "number", "units": ""}, {"name": "concentrate__fact__September", "type": "number", "units": ""}, {"name": "zn__fact__September", "type": "number", "units": ""}, {"name": "ratio__fact__September", "type": "number", "units": ""}, {"name": "concentrate__plan__October", "type": "number", "units": ""}, {"name": "zn__plan__October", "type": "number", "units": ""}, {"name": "ratio__plan__October", "type": "number", "units": ""}, {"name": "concentrate__fact__October", "type": "number", "units": ""}, {"name": "zn__fact__October", "type": "number", "units": ""}, {"name": "ratio__fact__October", "type": "number", "units": ""}, {"name": "concentrate__plan__November", "type": "number", "units": ""}, {"name": "zn__plan__November", "type": "number", "units": ""}, {"name": "ratio__plan__November", "type": "number", "units": ""}, {"name": "concentrate__fact__November", "type": "number", "units": ""}, {"name": "zn__fact__November", "type": "number", "units": ""}, {"name": "ratio__fact__November", "type": "number", "units": ""}, {"name": "concentrate__plan__December", "type": "number", "units": ""}, {"name": "zn__plan__December", "type": "number", "units": ""}, {"name": "ratio__plan__December", "type": "number", "units": ""}, {"name": "concentrate__fact__December", "type": "number", "units": ""}, {"name": "zn__fact__December", "type": "number", "units": ""}, {"name": "ratio__fact__December", "type": "number", "units": ""}]}, {"name": "supply_of_zinc_concentrates", "title": "\u041f\u043e\u0441\u0442\u0430\u0432\u043a\u0430 \u0446\u0438\u043d\u043a\u043e\u0432\u044b\u0445 \u043a\u043e\u043d\u0446\u0435\u043d\u0442\u0440\u0430\u0442\u043e\u0432", "fields": [{"name": "concentrate", "type": "number", "units": "\u0421\u041c\u0422"}, {"name": "zn", "type": "number", "units": ""}]}, {"name": "year_plan_schieht", "title": "\u0420\u0430\u0441\u0447\u0435\u0442 \u0433\u043e\u0434\u043e\u0432\u043e\u0433\u043e \u043f\u043b\u0430\u043d\u0430 \u0448\u0438\u0445\u0442\u044b", "fields": [{"name": "concentrate", "type": "datalist", "options": ["\u0417\u0413\u041e\u041a", "\u0410\u0440\u0442-\u0438\u0439", "\u0423\u0441\u0442\u044c-\u0422\u0410\u041b", "\u041a\u0430\u0440\u0430\u0433\u0430\u0439\u043b\u044b", "\u0412\u0435\u0440\u0445-\u0411\u0435\u0440", "\u0411\u0435\u043b\u043e\u0443\u0441\u043e\u0432\u043a\u0430", "\u0416\u0435\u0437\u043a\u0435\u043d\u0442", "\u041d.\u0428\u0438\u0440\u043e\u043a\u0438\u043d\u0441\u043a\u0438\u0439", "\u041b\u0435\u0441\u043e\u0441\u0438\u0431", "\u0410\u043b\u0442\u044b\u043d-\u0422\u043e\u043f\u043a\u0430\u043d"]}, {"name": "year_plans", "type": "number", "units": "\u0421\u041c\u0422"}, {"name": "month_smt", "type": "number", "units": "\u0421\u041c\u0422"}, {"name": "day_smt", "type": "number", "units": "\u0421\u041c\u0422"}, {"name": "tonns_a_year", "type": "number", "units": "\u0442\u043e\u043d\u043d"}, {"name": "schieht_frac", "type": "number", "units": "%"}, {"name": "empty", "type": "text"}, {"name": "zn", "type": "number", "units": "%"}, {"name": "s", "type": "number", "units": "%"}, {"name": "h2o", "type": "number", "units": "%"}, {"name": "fe", "type": "number", "units": "%"}, {"name": "cu", "type": "number", "units": "%"}, {"name": "pb", "type": "number", "units": "%"}, {"name": "sio2", "type": "number", "units": "%"}, {"name": "cd", "type": "number", "units": "%"}, {"name": "cao", "type": "number", "units": "%"}, {"name": "mgo", "type": "number", "units": "%"}, {"name": "K", "type": "number", "units": "%"}, {"name": "na", "type": "number", "units": "%"}, {"name": "arsenic", "type": "number", "units": "%"}, {"name": "co", "type": "number", "units": "%"}, {"name": "au", "type": "number", "units": "\u0433/\u0442"}, {"name": "ag", "type": "number", "units": "\u0433/\u0442"}, {"name": "vmt", "type": "number", "units": "\u0412\u041c\u0422"}, {"name": "norm", "type": "number", "units": ""}]}, {"name": "summary", "title": "\u041d\u0417\u041f \u0438 \u0441\u043a\u043b\u0430\u0434\u044b", "fields": [{"name": "nzp_concentrate", "type": "number", "units": ""}, {"name": "nzp_zn", "type": "number", "units": ""}, {"name": "sklad_concentrate", "type": "number", "units": ""}, {"name": "sklad_zn", "type": "number", "units": ""}, {"name": "itogo_concentrate", "type": "number", "units": ""}, {"name": "itogo_zn", "type": "number", "units": ""}]}]}